name,party,firstname,lastname,position,years,key,start_date,end_date
"Akaan-Penttilä, Eero",Kokoomus,Eero,Akaan-Penttilä,,1999-2003,Eero_Akaan-Penttilä,24.3.1999,18.3.2003
"Harkimo, Leena",Kokoomus,Leena,Harkimo,,1999-2003,Leena_Harkimo,24.3.1999,18.3.2003
"Heinonen, Olli-Pekka",Kokoomus,Olli-Pekka,Heinonen,Liikenneministeri;; Liikenne- ja viestintäministeri,1999-2003,Olli-Pekka_Heinonen,24.3.1999,18.3.2003
"Holmlund, Anne",Kokoomus,Anne,Holmlund,,1999-2003,Anne_Holmlund,24.3.1999,18.3.2003
"Häkämies, Jyri",Kokoomus,Jyri,Häkämies,,1999-2003,Jyri_Häkämies,24.3.1999,18.3.2003
"Itälä, Ville",Kokoomus,Ville,Itälä,Pääministerin sijainen;; Sisäasiainministeri,1999-2003,Ville_Itälä,24.3.1999,18.3.2003
"Katainen, Jyrki",Kokoomus,Jyrki,Katainen,,1999-2003,Jyrki_Katainen,24.3.1999,18.3.2003
"Kummola, Kalervo",Kokoomus,Kalervo,Kummola,,1999-2003,Kalervo_Kummola,24.3.1999,18.3.2003
"Koskinen, Jari",Kokoomus,Jari,Koskinen,Maa- ja metsätalousministeri,1999-2003,Jari_Koskinen,24.3.1999,18.3.2003
"Kanerva, Seppo",Kokoomus,Seppo,Kanerva,,1999-2003,Seppo_Kanerva,24.3.1999,18.3.2003
"Kanerva, Ilkka",Kokoomus,Ilkka,Kanerva,,1999-2003,Ilkka_Kanerva,24.3.1999,18.3.2003
"Hemmilä, Pertti",Kokoomus,Pertti,Hemmilä,,1999-2003,Pertti_Hemmilä,24.3.1999,18.3.2003
"Lindén, Suvi",Kokoomus,Suvi,Lindén,Kulttuuriministeri,1999-2003,Suvi_Lindén,24.3.1999,18.3.2003
"Niinistö, Sauli",Kokoomus,Sauli,Niinistö,Pääministerin sijainen;; Valtiovarainministeri,1999-2003,Sauli_Niinistö,24.3.1999,18.3.2003
"Mäki-Hakola, Pertti",Kokoomus,Pertti,Mäki-Hakola,,1999-2003,Pertti_Mäki-Hakola,24.3.1999,18.3.2003
"Pietikäinen, Sirpa",Kokoomus,Sirpa,Pietikäinen,,1999-2003,Sirpa_Pietikäinen,24.3.1999,18.3.2003
"Piha, Kirsi",Kokoomus,Kirsi,Piha,,1999-2003,Kirsi_Piha,24.3.1999,18.3.2003
"Ravi, Pekka",Kokoomus,Pekka,Ravi,,1999-2003,Pekka_Ravi,24.3.1999,18.3.2003
"Vilén, Jari",Kokoomus,Jari,Vilén,Ministeri valtioneuvoston kansliassa;; Ulkomaankauppaministeri;; Ministeri kauppa- ja teollisuusministeriössä,1999-2003,Jari_Vilén,24.3.1999,18.3.2003
"Virén, Lasse",Kokoomus,Lasse,Virén,,1999-2003,Lasse_Virén,24.3.1999,18.3.2003
"Vahasalo, Raija",Kokoomus,Raija,Vahasalo,,1999-2003,Raija_Vahasalo,24.3.1999,18.3.2003
"Tiura, Marja",Kokoomus,Marja,Tiura,,1999-2003,Marja_Tiura,24.3.1999,18.3.2003
"Uosukainen, Riitta",Kokoomus,Riitta,Uosukainen,,1999-2003,Riitta_Uosukainen,24.3.1999,18.3.2003
"Sarkomaa, Sari",Kokoomus,Sari,Sarkomaa,,1999-2003,Sari_Sarkomaa,24.3.1999,18.3.2003
"Sasi, Kimmo",Kokoomus,Kimmo,Sasi,Ministeri valtioneuvoston kansliassa;; Ulkomaankauppaministeri;; Liikenne- ja viestintäministeri;; Ministeri kauppa- ja teollisuusministeriössä,1999-2003,Kimmo_Sasi,24.3.1999,18.3.2003
"Koskinen, Marjaana",Kokoomus,Marjaana,Koskinen,,1999-2003,Marjaana_Koskinen,24.3.1999,18.3.2003
"Kuosmanen, Pekka",Kokoomus,Pekka,Kuosmanen,,1999-2003,Pekka_Kuosmanen,24.3.1999,18.3.2003
"Kurvinen, Esko",Kokoomus,Esko,Kurvinen,,1999-2003,Esko_Kurvinen,24.3.1999,18.3.2003
"Antvuori, Pirjo-Riitta",Kokoomus,Pirjo-Riitta,Antvuori,,1999-2003,Pirjo-Riitta_Antvuori,24.3.1999,18.3.2003
"Dromberg, Kaarina",Kokoomus,Kaarina,Dromberg,Kulttuuriministeri,1999-2003,Kaarina_Dromberg,24.3.1999,18.3.2003
"Ihamäki, Timo",Kokoomus,Timo,Ihamäki,,1999-2003,Timo_Ihamäki,24.3.1999,18.3.2003
"Kantalainen, Kari",Kokoomus,Kari,Kantalainen,,1999-2003,Kari_Kantalainen,24.3.1999,18.3.2003
"Karpio, Juha",Kokoomus,Juha,Karpio,,1999-2003,Juha_Karpio,24.3.1999,18.3.2003
"Karttunen, Marjukka",Kokoomus,Marjukka,Karttunen,,1999-2003,Marjukka_Karttunen,24.3.1999,18.3.2003
"Kokkonen, Paula",Kokoomus,Paula,Kokkonen,,1999-2003,Paula_Kokkonen,24.3.1999,18.3.2003
"Korhonen, Riitta",Kokoomus,Riitta,Korhonen,,1999-2003,Riitta_Korhonen,24.3.1999,18.3.2003
"Lehtimäki, Jouni",Kokoomus,Jouni,Lehtimäki,,1999-2003,Jouni_Lehtimäki,24.3.1999,18.3.2003
"Zyskowicz, Ben",Kokoomus,Ben,Zyskowicz,,1999-2003,Ben_Zyskowicz,24.3.1999,18.3.2003
"Markkula-Kivisilta, Hanna",Kokoomus,Hanna,Markkula-Kivisilta,,1999-2003,Hanna_Markkula-Kivisilta,24.3.1999,18.3.2003
"Markkula, Markku",Kokoomus,Markku,Markkula,,1999-2003,Markku_Markkula,24.3.1999,18.3.2003
"Nepponen, Olli",Kokoomus,Olli,Nepponen,,1999-2003,Olli_Nepponen,24.3.1999,18.3.2003
"Nurmi, Tuija",Kokoomus,Tuija,Nurmi,,1999-2003,Tuija_Nurmi,24.3.1999,18.3.2003
"Perho, Maija",Kokoomus,Maija,Perho,Sosiaali- ja terveysministeri,1999-2003,Maija_Perho,24.3.1999,18.3.2003
"Salo, Petri",Kokoomus,Petri,Salo,,1999-2003,Petri_Salo,24.3.1999,18.3.2003
"Seppälä, Timo",Kokoomus,Timo,Seppälä,,1999-2003,Timo_Seppälä,24.3.1999,18.3.2003
"Sjöblom, Juhani",Kokoomus,Juhani,Sjöblom,,1999-2003,Juhani_Sjöblom,24.3.1999,18.3.2003
"Tiuri, Martti",Kokoomus,Martti,Tiuri,,1999-2003,Martti_Tiuri,24.3.1999,18.3.2003
"Tulonen, Irja",Kokoomus,Irja,Tulonen,,1999-2003,Irja_Tulonen,24.3.1999,18.3.2003
"Aittoniemi, Sulo",alkiolainen,Sulo,Aittoniemi,,1999-2003,Sulo_Aittoniemi,24.3.1999,18.3.2003
"Kallis, Bjarne",Kristillisdemokraatit,Bjarne,Kallis,,1999-2003,Bjarne_Kallis,24.3.1999,18.3.2003
"Kankaanniemi, Toimi",Kristillisdemokraatit,Toimi,Kankaanniemi,,1999-2003,Toimi_Kankaanniemi,24.3.1999,18.3.2003
"Jääskeläinen, Jouko",Kristillisdemokraatit,Jouko,Jääskeläinen,,1999-2003,Jouko_Jääskeläinen,24.3.1999,18.3.2003
"Räsänen, Päivi",Kristillisdemokraatit,Päivi,Räsänen,,1999-2003,Päivi_Räsänen,24.3.1999,18.3.2003
"Hiltunen, Leea",Kristillisdemokraatit,Leea,Hiltunen,,1999-2003,Leea_Hiltunen,24.3.1999,18.3.2003
"Kemppainen, Marja-Leena",Kristillisdemokraatit,Marja-Leena,Kemppainen,,1999-2003,Marja-Leena_Kemppainen,24.3.1999,18.3.2003
"Kärkkäinen, Kari",Kristillisdemokraatit,Kari,Kärkkäinen,,1999-2003,Kari_Kärkkäinen,24.3.1999,18.3.2003
"Rauhala, Leena",Kristillisdemokraatit,Leena,Rauhala,,1999-2003,Leena_Rauhala,24.3.1999,18.3.2003
"Seivästö, Ismo",Kristillisdemokraatit,Ismo,Seivästö,,1999-2003,Ismo_Seivästö,24.3.1999,18.3.2003
"Smeds, Sakari",Kristillisdemokraatit,Sakari,Smeds,,1999-2003,Sakari_Smeds,24.3.1999,18.3.2003
"Vistbacka, Raimo",Perussuomalaiset,Raimo,Vistbacka,,1999-2003,Raimo_Vistbacka,24.3.1999,18.3.2003
"Biaudet, Eva",RKP,Eva,Biaudet,Peruspalveluministeri;; Peruspalveluministeri,1999-2003,Eva_Biaudet,24.3.1999,18.3.2003
"Enestam, Jan-Erik",RKP,Jan-Erik,Enestam,Ministeri ulkoasiainministeriössä;; Puolustusministeri,1999-2003,Jan-Erik_Enestam,24.3.1999,18.3.2003
"Erlund, Rainer",RKP,Rainer,Erlund,,1999-2003,Rainer_Erlund,24.3.1999,18.3.2003
"Gestrin, Christina",RKP,Christina,Gestrin,,1999-2003,Christina_Gestrin,24.3.1999,18.3.2003
"Lax, Henrik",RKP,Henrik,Lax,,1999-2003,Henrik_Lax,24.3.1999,18.3.2003
"Pietikäinen, Margareta",RKP,Margareta,Pietikäinen,,1999-2003,Margareta_Pietikäinen,24.3.1999,18.3.2003
"Nordman, Håkan",RKP,Håkan,Nordman,,1999-2003,Håkan_Nordman,24.3.1999,18.3.2003
"Bremer, Klaus",RKP,Klaus,Bremer,,1999-2003,Klaus_Bremer,24.3.1999,18.3.2003
"Granvik, Nils-Anders",RKP,Nils-Anders,Granvik,,1999-2003,Nils-Anders_Granvik,24.3.1999,18.3.2003
"Jansson, Gunnar",RKP,Gunnar,Jansson,,1999-2003,Gunnar_Jansson,24.3.1999,18.3.2003
"Wideroos, Ulla-Maj",RKP,Ulla-Maj,Wideroos,,1999-2003,Ulla-Maj_Wideroos,24.3.1999,18.3.2003
"Löv, Pehr",RKP,Pehr,Löv,,1999-2003,Pehr_Löv,24.3.1999,18.3.2003
"Rosendahl, Ola",RKP,Ola,Rosendahl,,1999-2003,Ola_Rosendahl,24.3.1999,18.3.2003
"Helle, Esko",Vasemmistoliitto,Esko,Helle,,1999-2003,Esko_Helle,24.3.1999,18.3.2003
"Korhonen, Martti",Vasemmistoliitto,Martti,Korhonen,Alue- ja kuntaministeri,1999-2003,Martti_Korhonen,24.3.1999,18.3.2003
"Lapintie, Annika",Vasemmistoliitto,Annika,Lapintie,,1999-2003,Annika_Lapintie,24.3.1999,18.3.2003
"Ojala, Outi",Vasemmistoliitto,Outi,Ojala,,1999-2003,Outi_Ojala,24.3.1999,18.3.2003
"Puhjo, Veijo",Vasemmistoliitto,Veijo,Puhjo,,1999-2003,Veijo_Puhjo,24.3.1999,18.3.2003
"Tiusanen, Pentti",Vasemmistoliitto,Pentti,Tiusanen,,1999-2003,Pentti_Tiusanen,24.3.1999,18.3.2003
"Tennilä, Esko-Juhani",Vasemmistoliitto,Esko-Juhani,Tennilä,,1999-2003,Esko-Juhani_Tennilä,24.3.1999,18.3.2003
"Stenius-Kaukonen, Marjatta",Vasemmistoliitto,Marjatta,Stenius-Kaukonen,,1999-2003,Marjatta_Stenius-Kaukonen,24.3.1999,18.3.2003
"Siimes, Suvi-Anne",Vasemmistoliitto,Suvi-Anne,Siimes,Ministeri ulkoasiainministeriössä;; Ministeri valtiovarainministeriössä;; Ministeri ympäristöministeriössä,1999-2003,Suvi-Anne_Siimes,24.3.1999,18.3.2003
"Huotari, Anne",Vasemmistoliitto,Anne,Huotari,,1999-2003,Anne_Huotari,24.3.1999,18.3.2003
"Huutola, Matti",Vasemmistoliitto,Matti,Huutola,,1999-2003,Matti_Huutola,24.3.1999,18.3.2003
"Immonen, Mikko",Vasemmistoliitto,Mikko,Immonen,,1999-2003,Mikko_Immonen,24.3.1999,18.3.2003
"Kangas, Matti",Vasemmistoliitto,Matti,Kangas,,1999-2003,Matti_Kangas,24.3.1999,18.3.2003
"Kuoppa, Mikko",Vasemmistoliitto,Mikko,Kuoppa,,1999-2003,Mikko_Kuoppa,24.3.1999,18.3.2003
"Laakso, Jaakko",Vasemmistoliitto,Jaakko,Laakso,,1999-2003,Jaakko_Laakso,24.3.1999,18.3.2003
"Polvi, Iivo",Vasemmistoliitto,Iivo,Polvi,,1999-2003,Iivo_Polvi,24.3.1999,18.3.2003
"Syvärinen, Katja",Vasemmistoliitto,Katja,Syvärinen,,1999-2003,Katja_Syvärinen,24.3.1999,18.3.2003
"Uotila, Kari",Vasemmistoliitto,Kari,Uotila,,1999-2003,Kari_Uotila,24.3.1999,18.3.2003
"Valpas, Unto",Vasemmistoliitto,Unto,Valpas,,1999-2003,Unto_Valpas,24.3.1999,18.3.2003
"Vokkolainen, Jorma",Vasemmistoliitto,Jorma,Vokkolainen,,1999-2003,Jorma_Vokkolainen,24.3.1999,18.3.2003
"Tykkyläinen, Marja-Liisa",Vasemmistoliitto,Marja-Liisa,Tykkyläinen,,1999-2003,Marja-Liisa_Tykkyläinen,24.3.1999,18.3.2003
"Turtiainen, Pertti",Vasemmistoliitto,Pertti,Turtiainen,,1999-2003,Pertti_Turtiainen,24.3.1999,18.3.2003
"Andersson, Janina",Vihreät,Janina,Andersson,,1999-2003,Janina_Andersson,24.3.1999,18.3.2003
"Brax, Tuija",Vihreät,Tuija,Brax,,1999-2003,Tuija_Brax,24.3.1999,18.3.2003
"Forsius, Merikukka",Vihreät,Merikukka,Forsius,,1999-2003,Merikukka_Forsius,24.3.1999,18.3.2003
"Hassi, Satu",Vihreät,Satu,Hassi,Ministeri ulkoasiainministeriössä;; Ympäristöministeri,1999-2003,Satu_Hassi,24.3.1999,18.3.2003
"Krohn, Irina",Vihreät,Irina,Krohn,,1999-2003,Irina_Krohn,24.3.1999,18.3.2003
"Ojansuu, Kirsi",Vihreät,Kirsi,Ojansuu,,1999-2003,Kirsi_Ojansuu,24.3.1999,18.3.2003
"Pulliainen, Erkki",Vihreät,Erkki,Pulliainen,,1999-2003,Erkki_Pulliainen,24.3.1999,18.3.2003
"Soininvaara, Osmo",Vihreät,Osmo,Soininvaara,Peruspalveluministeri,1999-2003,Osmo_Soininvaara,24.3.1999,18.3.2003
"Sinnemäki, Anni",Vihreät,Anni,Sinnemäki,,1999-2003,Anni_Sinnemäki,24.3.1999,18.3.2003
"Anttila, Ulla",Vihreät,Ulla,Anttila,,1999-2003,Ulla_Anttila,24.3.1999,18.3.2003
"Mertjärvi, Rauha-Maria",Vihreät,Rauha-Maria,Mertjärvi,,1999-2003,Rauha-Maria_Mertjärvi,24.3.1999,18.3.2003
"Aho, Esko",Keskusta,Esko,Aho,,1999-2003,Esko_Aho,24.3.1999,18.3.2003
"Ala-Nissilä, Olavi",Keskusta,Olavi,Ala-Nissilä,,1999-2003,Olavi_Ala-Nissilä,24.3.1999,18.3.2003
"Anttila, Sirkka-Liisa",Keskusta,Sirkka-Liisa,Anttila,,1999-2003,Sirkka-Liisa_Anttila,24.3.1999,18.3.2003
"Aula, Maria Kaisa",Keskusta,Maria Kaisa,Aula,,1999-2003,Maria Kaisa_Aula,24.3.1999,18.3.2003
"Isohookana-Asunmaa, Tytti",Keskusta,Tytti,Isohookana-Asunmaa,,1999-2003,Tytti_Isohookana-Asunmaa,24.3.1999,18.3.2003
"Jäätteenmäki, Anneli",Keskusta,Anneli,Jäätteenmäki,,1999-2003,Anneli_Jäätteenmäki,24.3.1999,18.3.2003
"Kalli, Timo",Keskusta,Timo,Kalli,,1999-2003,Timo_Kalli,24.3.1999,18.3.2003
"Väyrynen, Paavo",Keskusta,Paavo,Väyrynen,,1999-2003,Paavo_Väyrynen,24.3.1999,18.3.2003
"Kiviniemi, Mari",Keskusta,Mari,Kiviniemi,,1999-2003,Mari_Kiviniemi,24.3.1999,18.3.2003
"Korkeaoja, Juha",Keskusta,Juha,Korkeaoja,,1999-2003,Juha_Korkeaoja,24.3.1999,18.3.2003
"Kääriäinen, Seppo",Keskusta,Seppo,Kääriäinen,,1999-2003,Seppo_Kääriäinen,24.3.1999,18.3.2003
"Lehtomäki, Paula",Keskusta,Paula,Lehtomäki,,1999-2003,Paula_Lehtomäki,24.3.1999,18.3.2003
"Manninen, Hannes",Keskusta,Hannes,Manninen,,1999-2003,Hannes_Manninen,24.3.1999,18.3.2003
"Pekkarinen, Mauri",Keskusta,Mauri,Pekkarinen,,1999-2003,Mauri_Pekkarinen,24.3.1999,18.3.2003
"Karpela, Tanja",Keskusta,Tanja,Karpela,,1999-2003,Tanja_Karpela,24.3.1999,18.3.2003
"Vanhanen, Matti",Keskusta,Matti,Vanhanen,,1999-2003,Matti_Vanhanen,24.3.1999,18.3.2003
"Vehviläinen, Anu",Keskusta,Anu,Vehviläinen,,1999-2003,Anu_Vehviläinen,24.3.1999,18.3.2003
"Takkula, Hannu",Keskusta,Hannu,Takkula,,1999-2003,Hannu_Takkula,24.3.1999,18.3.2003
"Lintilä, Mika",Keskusta,Mika,Lintilä,,1999-2003,Mika_Lintilä,24.3.1999,18.3.2003
"Aho, Hannu",Keskusta,Hannu,Aho,,1999-2003,Hannu_Aho,24.3.1999,18.3.2003
"Lahtela, Seppo",Keskusta,Seppo,Lahtela,,1999-2003,Seppo_Lahtela,24.3.1999,18.3.2003
"Huuhtanen, Jorma",Keskusta,Jorma,Huuhtanen,,1999-2003,Jorma_Huuhtanen,24.3.1999,18.3.2003
"Karjula, Kyösti",Keskusta,Kyösti,Karjula,,1999-2003,Kyösti_Karjula,24.3.1999,18.3.2003
"Kerola, Inkeri",Keskusta,Inkeri,Kerola,,1999-2003,Inkeri_Kerola,24.3.1999,18.3.2003
"Keränen, Niilo",Keskusta,Niilo,Keränen,,1999-2003,Niilo_Keränen,24.3.1999,18.3.2003
"Komi, Katri",Keskusta,Katri,Komi,,1999-2003,Katri_Komi,24.3.1999,18.3.2003
"Korteniemi, Ossi",Keskusta,Ossi,Korteniemi,,1999-2003,Ossi_Korteniemi,24.3.1999,18.3.2003
"Korva, Timo",Keskusta,Timo,Korva,,1999-2003,Timo_Korva,24.3.1999,18.3.2003
"Laukkanen, Markku",Keskusta,Markku,Laukkanen,,1999-2003,Markku_Laukkanen,24.3.1999,18.3.2003
"Leppä, Jari",Keskusta,Jari,Leppä,,1999-2003,Jari_Leppä,24.3.1999,18.3.2003
"Leppänen, Frans",Keskusta,Frans,Leppänen,,1999-2003,Frans_Leppänen,24.3.1999,18.3.2003
"Lämsä, Eero",Keskusta,Eero,Lämsä,,1999-2003,Eero_Lämsä,24.3.1999,18.3.2003
"Myllyniemi, Kari",Keskusta,Kari,Myllyniemi,,1999-2003,Kari_Myllyniemi,24.3.1999,18.3.2003
"Mölsä, Tero",Keskusta,Tero,Mölsä,,1999-2003,Tero_Mölsä,24.3.1999,18.3.2003
"Neittaanmäki, Petri",Keskusta,Petri,Neittaanmäki,,1999-2003,Petri_Neittaanmäki,24.3.1999,18.3.2003
"Nousiainen, Pekka",Keskusta,Pekka,Nousiainen,,1999-2003,Pekka_Nousiainen,24.3.1999,18.3.2003
"Oinonen, Lauri",Keskusta,Lauri,Oinonen,,1999-2003,Lauri_Oinonen,24.3.1999,18.3.2003
"Puhakka, Osmo",Keskusta,Osmo,Puhakka,,1999-2003,Osmo_Puhakka,24.3.1999,18.3.2003
"Ranta-Muotio, Aulis",Keskusta,Aulis,Ranta-Muotio,,1999-2003,Aulis_Ranta-Muotio,24.3.1999,18.3.2003
"Rantakangas, Antti",Keskusta,Antti,Rantakangas,,1999-2003,Antti_Rantakangas,24.3.1999,18.3.2003
"Rehula, Juha",Keskusta,Juha,Rehula,,1999-2003,Juha_Rehula,24.3.1999,18.3.2003
"Rossi, Markku",Keskusta,Markku,Rossi,,1999-2003,Markku_Rossi,24.3.1999,18.3.2003
"Ryynänen, Mirja",Keskusta,Mirja,Ryynänen,,1999-2003,Mirja_Ryynänen,24.3.1999,18.3.2003
"Saapunki, Pauli",Keskusta,Pauli,Saapunki,,1999-2003,Pauli_Saapunki,24.3.1999,18.3.2003
"Salo, Mauri",Keskusta,Mauri,Salo,,1999-2003,Mauri_Salo,24.3.1999,18.3.2003
"Vihriälä, Jukka",Keskusta,Jukka,Vihriälä,,1999-2003,Jukka_Vihriälä,24.3.1999,18.3.2003
"Vilkuna, Pekka",Keskusta,Pekka,Vilkuna,,1999-2003,Pekka_Vilkuna,24.3.1999,18.3.2003
"Väistö, Matti",Keskusta,Matti,Väistö,,1999-2003,Matti_Väistö,24.3.1999,18.3.2003
"Ylä-Mononen, Jaana",Keskusta,Jaana,Ylä-Mononen,,1999-2003,Jaana_Ylä-Mononen,24.3.1999,18.3.2003
"Hyssälä, Liisa",Keskusta,Liisa,Hyssälä,,1999-2003,Liisa_Hyssälä,24.3.1999,18.3.2003
"Backman, Jouni",SDP,Jouni,Backman,Ympäristöministeri,1999-2003,Jouni_Backman,24.3.1999,18.3.2003
"Filatov, Tarja",SDP,Tarja,Filatov,Työministeri,1999-2003,Tarja_Filatov,24.3.1999,18.3.2003
"Gustafsson, Jukka",SDP,Jukka,Gustafsson,,1999-2003,Jukka_Gustafsson,24.3.1999,18.3.2003
"Haatainen, Tuula",SDP,Tuula,Haatainen,,1999-2003,Tuula_Haatainen,24.3.1999,18.3.2003
"Taipale, Ilkka",SDP,Ilkka,Taipale,,1999-2003,Ilkka_Taipale,24.3.1999,18.3.2003
"Halonen, Tarja",SDP,Tarja,Halonen,Ulkoasiainministeri,1999-2003,Tarja_Halonen,24.3.1999,18.3.2003
"Hiltunen, Rakel",SDP,Rakel,Hiltunen,,1999-2003,Rakel_Hiltunen,24.3.1999,18.3.2003
"Jaakonsaari, Liisa",SDP,Liisa,Jaakonsaari,,1999-2003,Liisa_Jaakonsaari,24.3.1999,18.3.2003
"Kalliomäki, Antti",SDP,Antti,Kalliomäki,,1999-2003,Antti_Kalliomäki,24.3.1999,18.3.2003
"Kähkönen, Lauri",SDP,Lauri,Kähkönen,,1999-2003,Lauri_Kähkönen,24.3.1999,18.3.2003
"Kiljunen, Kimmo",SDP,Kimmo,Kiljunen,,1999-2003,Kimmo_Kiljunen,24.3.1999,18.3.2003
"Kekkonen, Antero",SDP,Antero,Kekkonen,,1999-2003,Antero_Kekkonen,24.3.1999,18.3.2003
"Koskinen, Johannes",SDP,Johannes,Koskinen,Oikeusministeri,1999-2003,Johannes_Koskinen,24.3.1999,18.3.2003
"Kuisma, Risto",SDP,Risto,Kuisma,,1999-2003,Risto_Kuisma,24.3.1999,18.3.2003
"Lipponen, Paavo",SDP,Paavo,Lipponen,Pääministeri,1999-2003,Paavo_Lipponen,24.3.1999,18.3.2003
"Paasio, Heli",SDP,Heli,Paasio,,1999-2003,Heli_Paasio,24.3.1999,18.3.2003
"Rajamäki, Kari",SDP,Kari,Rajamäki,,1999-2003,Kari_Rajamäki,24.3.1999,18.3.2003
"Viitanen, Pia",SDP,Pia,Viitanen,,1999-2003,Pia_Viitanen,24.3.1999,18.3.2003
"Tuomioja, Erkki",SDP,Erkki,Tuomioja,Ulkoasiainministeri;; Kauppa- ja teollisuusministeri,1999-2003,Erkki_Tuomioja,24.3.1999,18.3.2003
"Urpilainen, Kari",SDP,Kari,Urpilainen,,1999-2003,Kari_Urpilainen,24.3.1999,18.3.2003
"Skinnari, Jouko",SDP,Jouko,Skinnari,,1999-2003,Jouko_Skinnari,24.3.1999,18.3.2003
"Elo, Mikko",SDP,Mikko,Elo,,1999-2003,Mikko_Elo,24.3.1999,18.3.2003
"Huovinen, Susanna",SDP,Susanna,Huovinen,,1999-2003,Susanna_Huovinen,24.3.1999,18.3.2003
"Juurola, Ulla",SDP,Ulla,Juurola,,1999-2003,Ulla_Juurola,24.3.1999,18.3.2003
"Kallio, Reijo",SDP,Reijo,Kallio,,1999-2003,Reijo_Kallio,24.3.1999,18.3.2003
"Kanerva, Erkki",SDP,Erkki,Kanerva,,1999-2003,Erkki_Kanerva,24.3.1999,18.3.2003
"Karhu, Saara",SDP,Saara,Karhu,,1999-2003,Saara_Karhu,24.3.1999,18.3.2003
"Karjalainen, Tapio",SDP,Tapio,Karjalainen,,1999-2003,Tapio_Karjalainen,24.3.1999,18.3.2003
"Kautto, Tarja",SDP,Tarja,Kautto,,1999-2003,Tarja_Kautto,24.3.1999,18.3.2003
"Koski, Valto",SDP,Valto,Koski,,1999-2003,Valto_Koski,24.3.1999,18.3.2003
"Lahtela, Esa",SDP,Esa,Lahtela,,1999-2003,Esa_Lahtela,24.3.1999,18.3.2003
"Laitinen, Reijo",SDP,Reijo,Laitinen,,1999-2003,Reijo_Laitinen,24.3.1999,18.3.2003
"Luhtanen, Leena",SDP,Leena,Luhtanen,,1999-2003,Leena_Luhtanen,24.3.1999,18.3.2003
"Mikkola, Jukka",SDP,Jukka,Mikkola,,1999-2003,Jukka_Mikkola,24.3.1999,18.3.2003
"Mähönen, Raimo",SDP,Raimo,Mähönen,,1999-2003,Raimo_Mähönen,24.3.1999,18.3.2003
"Mönkäre, Sinikka",SDP,Sinikka,Mönkäre,Kauppa- ja teollisuusministeri;; Työministeri,1999-2003,Sinikka_Mönkäre,24.3.1999,18.3.2003
"Olin, Kalevi",SDP,Kalevi,Olin,,1999-2003,Kalevi_Olin,24.3.1999,18.3.2003
"Peltomo, Pirkko",SDP,Pirkko,Peltomo,,1999-2003,Pirkko_Peltomo,24.3.1999,18.3.2003
"Prusti, Riitta",SDP,Riitta,Prusti,,1999-2003,Riitta_Prusti,24.3.1999,18.3.2003
"Puisto, Virpa",SDP,Virpa,Puisto,,1999-2003,Virpa_Puisto,24.3.1999,18.3.2003
"Rahkonen, Susanna",SDP,Susanna,Rahkonen,,1999-2003,Susanna_Rahkonen,24.3.1999,18.3.2003
"Ranta, Jussi",SDP,Jussi,Ranta,,1999-2003,Jussi_Ranta,24.3.1999,18.3.2003
"Rask, Maija",SDP,Maija,Rask,Opetusministeri,1999-2003,Maija_Rask,24.3.1999,18.3.2003
"Rönni, Tero",SDP,Tero,Rönni,,1999-2003,Tero_Rönni,24.3.1999,18.3.2003
"Saarinen, Matti",SDP,Matti,Saarinen,,1999-2003,Matti_Saarinen,24.3.1999,18.3.2003
"Seppälä, Arto",SDP,Arto,Seppälä,,1999-2003,Arto_Seppälä,24.3.1999,18.3.2003
"Tahvanainen, Säde",SDP,Säde,Tahvanainen,,1999-2003,Säde_Tahvanainen,24.3.1999,18.3.2003
"Vehkaoja, Marjatta",SDP,Marjatta,Vehkaoja,,1999-2003,Marjatta_Vehkaoja,24.3.1999,18.3.2003
"Vähänäkki, Matti",SDP,Matti,Vähänäkki,,1999-2003,Matti_Vähänäkki,24.3.1999,18.3.2003
"Wallin, Harry",SDP,Harry,Wallin,,1999-2003,Harry_Wallin,24.3.1999,18.3.2003
"Hellberg, Klaus",SDP,Klaus,Hellberg,,1999-2003,Klaus_Hellberg,24.3.1999,18.3.2003
"Kuisma, Risto",remonttiryhmä,Risto,Kuisma,,1999-2003,Risto_Kuisma,24.3.1999,18.3.2003
"Ahde, Matti",SDP,Matti,Ahde, ,2003-2007,Matti_Ahde,19.3.2003,20.3.2007
"Ahonen, Esko",Keskusta,Esko,Ahonen, ,2003-2007,Esko_Ahonen,19.3.2003,20.3.2007
"Akaan-Penttilä, Eero",Kokoomus,Eero,Akaan-Penttilä, ,2003-2007,Eero_Akaan-Penttilä,19.3.2003,20.3.2007
"Ala-Nissilä, Olavi",Keskusta,Olavi,Ala-Nissilä, ,2003-2007,Olavi_Ala-Nissilä,19.3.2003,20.3.2007
"Alatalo, Mikko",Keskusta,Mikko,Alatalo, ,2003-2007,Mikko_Alatalo,19.3.2003,20.3.2007
"Alho, Arja",SDP,Arja,Alho, ,2003-2007,Arja_Alho,19.3.2003,20.3.2007
"Andersson, Janina",Vihreät,Janina,Andersson, ,2003-2007,Janina_Andersson,19.3.2003,20.3.2007
"Anttila, Sirkka-Liisa",Keskusta,Sirkka-Liisa,Anttila, ,2003-2007,Sirkka-Liisa_Anttila,19.3.2003,20.3.2007
"Anttila, Ulla",Vihreät,Ulla,Anttila, ,2003-2007,Ulla_Anttila,19.3.2003,20.3.2007
"Asko-Seljavaara, Sirpa",Kokoomus,Sirpa,Asko-Seljavaara, ,2003-2007,Sirpa_Asko-Seljavaara,19.3.2003,20.3.2007
"Backman, Jouni",SDP,Jouni,Backman, ,2003-2007,Jouni_Backman,19.3.2003,20.3.2007
"Biaudet, Eva",RKP,Eva,Biaudet, ,2003-2007,Eva_Biaudet,19.3.2003,20.3.2007
"Brax, Tuija",Vihreät,Tuija,Brax, ,2003-2007,Tuija_Brax,19.3.2003,20.3.2007
"Bryggare, Arto",SDP,Arto,Bryggare, ,2003-2007,Arto_Bryggare,19.3.2003,20.3.2007
"Cronberg, Tarja",Vihreät,Tarja,Cronberg, ,2003-2007,Tarja_Cronberg,19.3.2003,20.3.2007
"Donner, Jörn",RKP,Jörn,Donner, ,2003-2007,Jörn_Donner,19.3.2003,20.3.2007
"Dromberg, Kaarina",Kokoomus,Kaarina,Dromberg, ,2003-2007,Kaarina_Dromberg,19.3.2003,20.3.2007
"Elo, Mikko",SDP,Mikko,Elo, ,2003-2007,Mikko_Elo,19.3.2003,20.3.2007
"Enestam, Jan-Erik",RKP,Jan-Erik,Enestam, Ministeri ulkoasiainministeriössä;; Ympäristöministeri;;Ministeri ulkoasiainministeriössä;; Ympäristöministeri;;,2003-2007,Jan-Erik_Enestam,19.3.2003,20.3.2007
"Essayah, Sari",Kristillisdemokraatit,Sari,Essayah, ,2003-2007,Sari_Essayah,19.3.2003,20.3.2007
"Filatov, Tarja",SDP,Tarja,Filatov, Työministeri;;Työministeri;;,2003-2007,Tarja_Filatov,19.3.2003,20.3.2007
"Forsius, Merikukka",Vihreät,Merikukka,Forsius, ,2003-2007,Merikukka_Forsius,19.3.2003,20.3.2007
"Gestrin, Christina",RKP,Christina,Gestrin, ,2003-2007,Christina_Gestrin,19.3.2003,20.3.2007
"Granvik, Nils-Anders",RKP,Nils-Anders,Granvik, ,2003-2007,Nils-Anders_Granvik,19.3.2003,20.3.2007
"Gustafsson, Jukka",SDP,Jukka,Gustafsson, ,2003-2007,Jukka_Gustafsson,19.3.2003,20.3.2007
"Haapoja, Susanna",Keskusta,Susanna,Haapoja, ,2003-2007,Susanna_Haapoja,19.3.2003,20.3.2007
"Haatainen, Tuula",SDP,Tuula,Haatainen, Opetusministeri;;Opetusministeri;; Sosiaali- ja terveysministeri;;,2003-2007,Tuula_Haatainen,19.3.2003,20.3.2007
"Halme, Tony",Perussuomalaiset,Tony,Halme, ,2003-2007,Tony_Halme,19.3.2003,20.3.2007
"Harkimo, Leena",Kokoomus,Leena,Harkimo, ,2003-2007,Leena_Harkimo,19.3.2003,20.3.2007
"Hassi, Satu",Vihreät,Satu,Hassi, ,2003-2007,Satu_Hassi,19.3.2003,20.3.2007
"Hautala, Heidi",Vihreät,Heidi,Hautala, ,2003-2007,Heidi_Hautala,19.3.2003,20.3.2007
"Hautala, Lasse",Keskusta,Lasse,Hautala, ,2003-2007,Lasse_Hautala,19.3.2003,20.3.2007
"Heinäluoma, Eero",SDP,Eero,Heinäluoma, Pääministerin sijainen;; Valtiovarainministeri;;,2003-2007,Eero_Heinäluoma,19.3.2003,20.3.2007
"Hellberg, Klaus",SDP,Klaus,Hellberg, ,2003-2007,Klaus_Hellberg,19.3.2003,20.3.2007
"Hemmilä, Pertti",Kokoomus,Pertti,Hemmilä, ,2003-2007,Pertti_Hemmilä,19.3.2003,20.3.2007
"Hemming, Hanna-Leena",Kokoomus,Hanna-Leena,Hemming, ,2003-2007,Hanna-Leena_Hemming,19.3.2003,20.3.2007
"Hiltunen, Rakel",SDP,Rakel,Hiltunen, ,2003-2007,Rakel_Hiltunen,19.3.2003,20.3.2007
"Holmlund, Anne",Kokoomus,Anne,Holmlund, ,2003-2007,Anne_Holmlund,19.3.2003,20.3.2007
"Hoskonen, Hannu",Keskusta,Hannu,Hoskonen, ,2003-2007,Hannu_Hoskonen,19.3.2003,20.3.2007
"Huotari, Anne",Vasemmistoliitto,Anne,Huotari, ,2003-2007,Anne_Huotari,19.3.2003,20.3.2007
"Huovinen, Susanna",SDP,Susanna,Huovinen, Liikenne- ja viestintäministeri;;,2003-2007,Susanna_Huovinen,19.3.2003,20.3.2007
"Hurskainen, Sinikka",SDP,Sinikka,Hurskainen, ,2003-2007,Sinikka_Hurskainen,19.3.2003,20.3.2007
"Hyssälä, Liisa",Keskusta,Liisa,Hyssälä, Peruspalveluministeri;;Peruspalveluministeri;;,2003-2007,Liisa_Hyssälä,19.3.2003,20.3.2007
"Häkämies, Jyri",Kokoomus,Jyri,Häkämies, ,2003-2007,Jyri_Häkämies,19.3.2003,20.3.2007
"Hänninen, Tuomo",Keskusta,Tuomo,Hänninen, ,2003-2007,Tuomo_Hänninen,19.3.2003,20.3.2007
"Immonen, Mikko",Vasemmistoliitto,Mikko,Immonen, ,2003-2007,Mikko_Immonen,19.3.2003,20.3.2007
"Itälä, Ville",Kokoomus,Ville,Itälä, ,2003-2007,Ville_Itälä,19.3.2003,20.3.2007
"Jaakonsaari, Liisa",SDP,Liisa,Jaakonsaari, ,2003-2007,Liisa_Jaakonsaari,19.3.2003,20.3.2007
"Jansson, Roger",RKP,Roger,Jansson, ,2003-2007,Roger_Jansson,19.3.2003,20.3.2007
"Juhantalo, Kauko",Keskusta,Kauko,Juhantalo, ,2003-2007,Kauko_Juhantalo,19.3.2003,20.3.2007
"Jäätteenmäki, Anneli",Keskusta,Anneli,Jäätteenmäki, Pääministeri;;,2003-2007,Anneli_Jäätteenmäki,19.3.2003,20.3.2007
"Kaikkonen, Antti",Keskusta,Antti,Kaikkonen, ,2003-2007,Antti_Kaikkonen,19.3.2003,20.3.2007
"Kalli, Timo",Keskusta,Timo,Kalli, ,2003-2007,Timo_Kalli,19.3.2003,20.3.2007
"Kallio, Reijo",SDP,Reijo,Kallio, ,2003-2007,Reijo_Kallio,19.3.2003,20.3.2007
"Kalliomäki, Antti",SDP,Antti,Kalliomäki, Pääministerin sijainen;; Valtiovarainministeri;;Pääministerin sijainen;; Valtiovarainministeri;; Opetusministeri;;,2003-2007,Antti_Kalliomäki,19.3.2003,20.3.2007
"Kallis, Bjarne",Kristillisdemokraatit,Bjarne,Kallis, ,2003-2007,Bjarne_Kallis,19.3.2003,20.3.2007
"Kanerva, Ilkka",Kokoomus,Ilkka,Kanerva, ,2003-2007,Ilkka_Kanerva,19.3.2003,20.3.2007
"Kangas, Matti",Vasemmistoliitto,Matti,Kangas, ,2003-2007,Matti_Kangas,19.3.2003,20.3.2007
"Kankaanniemi, Toimi",Kristillisdemokraatit,Toimi,Kankaanniemi, ,2003-2007,Toimi_Kankaanniemi,19.3.2003,20.3.2007
"Karhu, Saara",SDP,Saara,Karhu, ,2003-2007,Saara_Karhu,19.3.2003,20.3.2007
"Karjula, Kyösti",Keskusta,Kyösti,Karjula, ,2003-2007,Kyösti_Karjula,19.3.2003,20.3.2007
"Saarela, Tanja",Keskusta,Tanja,Saarela, Kulttuuriministeri;;Kulttuuriministeri;;,2003-2007,Tanja_Saarela,19.3.2003,20.3.2007
"Karttunen, Marjukka",Kokoomus,Marjukka,Karttunen, ,2003-2007,Marjukka_Karttunen,19.3.2003,20.3.2007
"Karvonen, Tatja",Keskusta,Tatja,Karvonen, ,2003-2007,Tatja_Karvonen,19.3.2003,20.3.2007
"Kasvi, Jyrki",Vihreät,Jyrki,Kasvi, ,2003-2007,Jyrki_Kasvi,19.3.2003,20.3.2007
"Katainen, Jyrki",Kokoomus,Jyrki,Katainen, ,2003-2007,Jyrki_Katainen,19.3.2003,20.3.2007
"Kauppila, Matti",Vasemmistoliitto,Matti,Kauppila, ,2003-2007,Matti_Kauppila,19.3.2003,20.3.2007
"Kekkonen, Antero",SDP,Antero,Kekkonen, ,2003-2007,Antero_Kekkonen,19.3.2003,20.3.2007
"Kerola, Inkeri",Keskusta,Inkeri,Kerola, ,2003-2007,Inkeri_Kerola,19.3.2003,20.3.2007
"Kettunen, Rauno",Keskusta,Rauno,Kettunen, ,2003-2007,Rauno_Kettunen,19.3.2003,20.3.2007
"Kiljunen, Anneli",SDP,Anneli,Kiljunen, ,2003-2007,Anneli_Kiljunen,19.3.2003,20.3.2007
"Kiljunen, Kimmo",SDP,Kimmo,Kiljunen, ,2003-2007,Kimmo_Kiljunen,19.3.2003,20.3.2007
"Kiviniemi, Mari",Keskusta,Mari,Kiviniemi, Ministeri valtioneuvoston kansliassa;; Ulkomaankauppa- ja kehitysministeri;;,2003-2007,Mari_Kiviniemi,19.3.2003,20.3.2007
"Kiviranta, Esko",Keskusta,Esko,Kiviranta, ,2003-2007,Esko_Kiviranta,19.3.2003,20.3.2007
"Komi, Katri",Keskusta,Katri,Komi, ,2003-2007,Katri_Komi,19.3.2003,20.3.2007
"Korhonen, Martti",Vasemmistoliitto,Martti,Korhonen, ,2003-2007,Martti_Korhonen,19.3.2003,20.3.2007
"Korkeaoja, Juha",Keskusta,Juha,Korkeaoja, Maa- ja metsätalousministeri;;Maa- ja metsätalousministeri;;,2003-2007,Juha_Korkeaoja,19.3.2003,20.3.2007
"Koski, Markku",Keskusta,Markku,Koski, ,2003-2007,Markku_Koski,19.3.2003,20.3.2007
"Koski, Valto",SDP,Valto,Koski, ,2003-2007,Valto_Koski,19.3.2003,20.3.2007
"Koskinen, Jari",Kokoomus,Jari,Koskinen, ,2003-2007,Jari_Koskinen,19.3.2003,20.3.2007
"Koskinen, Johannes",SDP,Johannes,Koskinen, Oikeusministeri;;Oikeusministeri;;,2003-2007,Johannes_Koskinen,19.3.2003,20.3.2007
"Koskinen, Marjaana",SDP,Marjaana,Koskinen, ,2003-2007,Marjaana_Koskinen,19.3.2003,20.3.2007
"Krohn, Irina",Vihreät,Irina,Krohn, ,2003-2007,Irina_Krohn,19.3.2003,20.3.2007
"Kuisma, Risto",SDP,Risto,Kuisma, ,2003-2007,Risto_Kuisma,19.3.2003,20.3.2007
"Kumpula, Miapetra",SDP,Miapetra,Kumpula, ,2003-2007,Miapetra_Kumpula,19.3.2003,20.3.2007
"Kuoppa, Mikko",Vasemmistoliitto,Mikko,Kuoppa, ,2003-2007,Mikko_Kuoppa,19.3.2003,20.3.2007
"Kuosmanen, Pekka",Kokoomus,Pekka,Kuosmanen, ,2003-2007,Pekka_Kuosmanen,19.3.2003,20.3.2007
"Kurvinen, Esko",Kokoomus,Esko,Kurvinen, ,2003-2007,Esko_Kurvinen,19.3.2003,20.3.2007
"Kähkönen, Lauri",SDP,Lauri,Kähkönen, ,2003-2007,Lauri_Kähkönen,19.3.2003,20.3.2007
"Kärkkäinen, Kari",Kristillisdemokraatit,Kari,Kärkkäinen, ,2003-2007,Kari_Kärkkäinen,19.3.2003,20.3.2007
"Kääriäinen, Seppo",Keskusta,Seppo,Kääriäinen, Puolustusministeri;;,2003-2007,Seppo_Kääriäinen,19.3.2003,20.3.2007
"Laakso, Jaakko",Vasemmistoliitto,Jaakko,Laakso, ,2003-2007,Jaakko_Laakso,19.3.2003,20.3.2007
"Lahtela, Esa",SDP,Esa,Lahtela, ,2003-2007,Esa_Lahtela,19.3.2003,20.3.2007
"Lahtela, Seppo",Keskusta,Seppo,Lahtela, ,2003-2007,Seppo_Lahtela,19.3.2003,20.3.2007
"Lahti, Jere",Kokoomus,Jere,Lahti, ,2003-2007,Jere_Lahti,19.3.2003,20.3.2007
"Laitinen, Reijo",SDP,Reijo,Laitinen, ,2003-2007,Reijo_Laitinen,19.3.2003,20.3.2007
"Lamminen, Kalevi",Kokoomus,Kalevi,Lamminen, ,2003-2007,Kalevi_Lamminen,19.3.2003,20.3.2007
"Lankia, Eero",Keskusta,Eero,Lankia, ,2003-2007,Eero_Lankia,19.3.2003,20.3.2007
"Lapintie, Annika",Vasemmistoliitto,Annika,Lapintie, ,2003-2007,Annika_Lapintie,19.3.2003,20.3.2007
"Laukkanen, Markku",Keskusta,Markku,Laukkanen, ,2003-2007,Markku_Laukkanen,19.3.2003,20.3.2007
"Lax, Henrik",RKP,Henrik,Lax, ,2003-2007,Henrik_Lax,19.3.2003,20.3.2007
"Laxell, Jouko",Kokoomus,Jouko,Laxell, ,2003-2007,Jouko_Laxell,19.3.2003,20.3.2007
"Lehtomäki, Paula",Keskusta,Paula,Lehtomäki, Ministeri valtioneuvoston kansliassa;; Ulkomaankauppa- ja kehitysministeri;; Ministeri kauppa- ja teollisuusministeriössä;;Ministeri valtioneuvoston kansliassa;; Ministeri valtioneuvoston kansliassa;; Ulkomaankauppa- ja kehitysministeri;; Ulkomaankauppa- ja kehitysministeri;;,2003-2007,Paula_Lehtomäki,19.3.2003,20.3.2007
"Leppä, Jari",Keskusta,Jari,Leppä, ,2003-2007,Jari_Leppä,19.3.2003,20.3.2007
"Lindén, Suvi",Kokoomus,Suvi,Lindén, ,2003-2007,Suvi_Lindén,19.3.2003,20.3.2007
"Lindqvist, Maija-Liisa",Keskusta,Maija-Liisa,Lindqvist, ,2003-2007,Maija-Liisa_Lindqvist,19.3.2003,20.3.2007
"Lintilä, Mika",Keskusta,Mika,Lintilä, ,2003-2007,Mika_Lintilä,19.3.2003,20.3.2007
"Lintonen, Minna",SDP,Minna,Lintonen, ,2003-2007,Minna_Lintonen,19.3.2003,20.3.2007
"Lipponen, Paavo",SDP,Paavo,Lipponen, ,2003-2007,Paavo_Lipponen,19.3.2003,20.3.2007
"Luhtanen, Leena",SDP,Leena,Luhtanen, Liikenne- ja viestintäministeri;;Oikeusministeri;; Liikenne- ja viestintäministeri;;,2003-2007,Leena_Luhtanen,19.3.2003,20.3.2007
"Lämsä, Eero",Keskusta,Eero,Lämsä, ,2003-2007,Eero_Lämsä,19.3.2003,20.3.2007
"Löv, Pehr",RKP,Pehr,Löv, ,2003-2007,Pehr_Löv,19.3.2003,20.3.2007
"Manninen, Hannes",Keskusta,Hannes,Manninen, Alue- ja kuntaministeri;; Ministeri ympäristöministeriössä;;Alue- ja kuntaministeri;; Ministeri ympäristöministeriössä;;,2003-2007,Hannes_Manninen,19.3.2003,20.3.2007
"Matikainen-Kallström, Marjo",Kokoomus,Marjo,Matikainen-Kallström, ,2003-2007,Marjo_Matikainen-Kallström,19.3.2003,20.3.2007
"Meriläinen, Rosa",Vihreät,Rosa,Meriläinen, ,2003-2007,Rosa_Meriläinen,19.3.2003,20.3.2007
"Moilanen-Savolainen, Riikka",Keskusta,Riikka,Moilanen-Savolainen, ,2003-2007,Riikka_Moilanen-Savolainen,19.3.2003,20.3.2007
"Mustajärvi, Markus",Vasemmistoliitto,Markus,Mustajärvi, ,2003-2007,Markus_Mustajärvi,19.3.2003,20.3.2007
"Mäkinen, Tapani",Kokoomus,Tapani,Mäkinen, ,2003-2007,Tapani_Mäkinen,19.3.2003,20.3.2007
"Mönkäre, Sinikka",SDP,Sinikka,Mönkäre, Sosiaali- ja terveysministeri;;Sosiaali- ja terveysministeri;;,2003-2007,Sinikka_Mönkäre,19.3.2003,20.3.2007
"Neittaanmäki, Petri",Keskusta,Petri,Neittaanmäki, ,2003-2007,Petri_Neittaanmäki,19.3.2003,20.3.2007
"Nepponen, Olli",Kokoomus,Olli,Nepponen, ,2003-2007,Olli_Nepponen,19.3.2003,20.3.2007
"Nousiainen, Pekka",Keskusta,Pekka,Nousiainen, ,2003-2007,Pekka_Nousiainen,19.3.2003,20.3.2007
"Nurmi, Tuija",Kokoomus,Tuija,Nurmi, ,2003-2007,Tuija_Nurmi,19.3.2003,20.3.2007
"Nylander, Mikaela",RKP,Mikaela,Nylander, ,2003-2007,Mikaela_Nylander,19.3.2003,20.3.2007
"Oinonen, Lauri",Keskusta,Lauri,Oinonen, ,2003-2007,Lauri_Oinonen,19.3.2003,20.3.2007
"Ojala, Outi",Vasemmistoliitto,Outi,Ojala, ,2003-2007,Outi_Ojala,19.3.2003,20.3.2007
"Ojala, Reino",SDP,Reino,Ojala, ,2003-2007,Reino_Ojala,19.3.2003,20.3.2007
"Ojansuu, Kirsi",Vihreät,Kirsi,Ojansuu, ,2003-2007,Kirsi_Ojansuu,19.3.2003,20.3.2007
"Olin, Kalevi",SDP,Kalevi,Olin, ,2003-2007,Kalevi_Olin,19.3.2003,20.3.2007
"Ollila, Heikki",Kokoomus,Heikki,Ollila, ,2003-2007,Heikki_Ollila,19.3.2003,20.3.2007
"Paajanen, Reijo",Kokoomus,Reijo,Paajanen, ,2003-2007,Reijo_Paajanen,19.3.2003,20.3.2007
"Paatero, Sirpa",SDP,Sirpa,Paatero, ,2003-2007,Sirpa_Paatero,19.3.2003,20.3.2007
"Paasio, Heli",SDP,Heli,Paasio, ,2003-2007,Heli_Paasio,19.3.2003,20.3.2007
"Paloniemi, Aila",Keskusta,Aila,Paloniemi, ,2003-2007,Aila_Paloniemi,19.3.2003,20.3.2007
"Pekkarinen, Mauri",Keskusta,Mauri,Pekkarinen, Kauppa- ja teollisuusministeri;;Kauppa- ja teollisuusministeri;;,2003-2007,Mauri_Pekkarinen,19.3.2003,20.3.2007
"Peltokorpi, Terhi",Keskusta,Terhi,Peltokorpi, ,2003-2007,Terhi_Peltokorpi,19.3.2003,20.3.2007
"Peltomo, Pirkko",SDP,Pirkko,Peltomo, ,2003-2007,Pirkko_Peltomo,19.3.2003,20.3.2007
"Pentti, Klaus",Keskusta,Klaus,Pentti, ,2003-2007,Klaus_Pentti,19.3.2003,20.3.2007
"Perho, Maija",Kokoomus,Maija,Perho, ,2003-2007,Maija_Perho,19.3.2003,20.3.2007
"Polvi, Iivo",Vasemmistoliitto,Iivo,Polvi, ,2003-2007,Iivo_Polvi,19.3.2003,20.3.2007
"Puhjo, Veijo",Vasemmistoliitto,Veijo,Puhjo, ,2003-2007,Veijo_Puhjo,19.3.2003,20.3.2007
"Puisto, Virpa",SDP,Virpa,Puisto, ,2003-2007,Virpa_Puisto,19.3.2003,20.3.2007
"Pulliainen, Erkki",Vihreät,Erkki,Pulliainen, ,2003-2007,Erkki_Pulliainen,19.3.2003,20.3.2007
"Rahkonen, Susanna",SDP,Susanna,Rahkonen, ,2003-2007,Susanna_Rahkonen,19.3.2003,20.3.2007
"Rajala, Lyly",Kristillisdemokraatit,Lyly,Rajala, ,2003-2007,Lyly_Rajala,19.3.2003,20.3.2007
"Rajamäki, Kari",SDP,Kari,Rajamäki, Sisäasiainministeri;;Sisäasiainministeri;;,2003-2007,Kari_Rajamäki,19.3.2003,20.3.2007
"Rantakangas, Antti",Keskusta,Antti,Rantakangas, ,2003-2007,Antti_Rantakangas,19.3.2003,20.3.2007
"Ranta-Muotio, Aulis",Keskusta,Aulis,Ranta-Muotio, ,2003-2007,Aulis_Ranta-Muotio,19.3.2003,20.3.2007
"Rask, Maija",SDP,Maija,Rask, ,2003-2007,Maija_Rask,19.3.2003,20.3.2007
"Rauhala, Leena",Kristillisdemokraatit,Leena,Rauhala, ,2003-2007,Leena_Rauhala,19.3.2003,20.3.2007
"Rehula, Juha",Keskusta,Juha,Rehula, ,2003-2007,Juha_Rehula,19.3.2003,20.3.2007
"Reijonen, Eero",Keskusta,Eero,Reijonen, ,2003-2007,Eero_Reijonen,19.3.2003,20.3.2007
"Risikko, Paula",Kokoomus,Paula,Risikko, ,2003-2007,Paula_Risikko,19.3.2003,20.3.2007
"Roos, Jukka",SDP,Jukka,Roos, ,2003-2007,Jukka_Roos,19.3.2003,20.3.2007
"Rossi, Markku",Keskusta,Markku,Rossi, ,2003-2007,Markku_Rossi,19.3.2003,20.3.2007
"Rundgren, Simo",Keskusta,Simo,Rundgren, ,2003-2007,Simo_Rundgren,19.3.2003,20.3.2007
"Räsänen, Päivi",Kristillisdemokraatit,Päivi,Räsänen, ,2003-2007,Päivi_Räsänen,19.3.2003,20.3.2007
"Rönni, Tero",SDP,Tero,Rönni, ,2003-2007,Tero_Rönni,19.3.2003,20.3.2007
"Saarikangas, Martin",Kokoomus,Martin,Saarikangas, ,2003-2007,Martin_Saarikangas,19.3.2003,20.3.2007
"Saarinen, Matti",SDP,Matti,Saarinen, ,2003-2007,Matti_Saarinen,19.3.2003,20.3.2007
"Salo, Mauri",Keskusta,Mauri,Salo, ,2003-2007,Mauri_Salo,19.3.2003,20.3.2007
"Salo, Petri",Kokoomus,Petri,Salo, ,2003-2007,Petri_Salo,19.3.2003,20.3.2007
"Salovaara, Pertti",Keskusta,Pertti,Salovaara, ,2003-2007,Pertti_Salovaara,19.3.2003,20.3.2007
"Sarkomaa, Sari",Kokoomus,Sari,Sarkomaa, ,2003-2007,Sari_Sarkomaa,19.3.2003,20.3.2007
"Sasi, Kimmo",Kokoomus,Kimmo,Sasi, ,2003-2007,Kimmo_Sasi,19.3.2003,20.3.2007
"Satonen, Arto",Kokoomus,Arto,Satonen, ,2003-2007,Arto_Satonen,19.3.2003,20.3.2007
"Seppälä, Arto",SDP,Arto,Seppälä, ,2003-2007,Arto_Seppälä,19.3.2003,20.3.2007
"Seppälä, Timo",Kokoomus,Timo,Seppälä, ,2003-2007,Timo_Seppälä,19.3.2003,20.3.2007
"Siimes, Suvi-Anne",Vasemmistoliitto,Suvi-Anne,Siimes, ,2003-2007,Suvi-Anne_Siimes,19.3.2003,20.3.2007
"Sinnemäki, Anni",Vihreät,Anni,Sinnemäki, ,2003-2007,Anni_Sinnemäki,19.3.2003,20.3.2007
"Sirnö, Minna",Vasemmistoliitto,Minna,Sirnö, ,2003-2007,Minna_Sirnö,19.3.2003,20.3.2007
"Sjöblom, Juhani",Kokoomus,Juhani,Sjöblom, ,2003-2007,Juhani_Sjöblom,19.3.2003,20.3.2007
"Skinnari, Jouko",SDP,Jouko,Skinnari, ,2003-2007,Jouko_Skinnari,19.3.2003,20.3.2007
"Soini, Timo",Perussuomalaiset,Timo,Soini, ,2003-2007,Timo_Soini,19.3.2003,20.3.2007
"Soininvaara, Osmo",Vihreät,Osmo,Soininvaara, ,2003-2007,Osmo_Soininvaara,19.3.2003,20.3.2007
"Sumuvuori, Johanna",Vihreät,Johanna,Sumuvuori, ,2003-2007,Johanna_Sumuvuori,19.3.2003,20.3.2007
"Särkiniemi, Seppo",Keskusta,Seppo,Särkiniemi, ,2003-2007,Seppo_Särkiniemi,19.3.2003,20.3.2007
"Tahvanainen, Säde",SDP,Säde,Tahvanainen, ,2003-2007,Säde_Tahvanainen,19.3.2003,20.3.2007
"Taipale, Ilkka",SDP,Ilkka,Taipale, ,2003-2007,Ilkka_Taipale,19.3.2003,20.3.2007
"Taiveaho, Satu",SDP,Satu,Taiveaho, ,2003-2007,Satu_Taiveaho,19.3.2003,20.3.2007
"Takkula, Hannu",Keskusta,Hannu,Takkula, ,2003-2007,Hannu_Takkula,19.3.2003,20.3.2007
"Tennilä, Esko-Juhani",Vasemmistoliitto,Esko-Juhani,Tennilä, ,2003-2007,Esko-Juhani_Tennilä,19.3.2003,20.3.2007
"Thors, Astrid",RKP,Astrid,Thors, ,2003-2007,Astrid_Thors,19.3.2003,20.3.2007
"Tiilikainen, Kimmo",Keskusta,Kimmo,Tiilikainen, ,2003-2007,Kimmo_Tiilikainen,19.3.2003,20.3.2007
"Tiura, Marja",Kokoomus,Marja,Tiura, ,2003-2007,Marja_Tiura,19.3.2003,20.3.2007
"Tiusanen, Pentti",Vasemmistoliitto,Pentti,Tiusanen, ,2003-2007,Pentti_Tiusanen,19.3.2003,20.3.2007
"Tulonen, Irja",Kokoomus,Irja,Tulonen, ,2003-2007,Irja_Tulonen,19.3.2003,20.3.2007
"Tuomioja, Erkki",SDP,Erkki,Tuomioja, Ulkoasiainministeri;;Ulkoasiainministeri;;,2003-2007,Erkki_Tuomioja,19.3.2003,20.3.2007
"Tynkkynen, Oras",Vihreät,Oras,Tynkkynen, ,2003-2007,Oras_Tynkkynen,19.3.2003,20.3.2007
"Tölli, Tapani",Keskusta,Tapani,Tölli, ,2003-2007,Tapani_Tölli,19.3.2003,20.3.2007
"Uotila, Kari",Vasemmistoliitto,Kari,Uotila, ,2003-2007,Kari_Uotila,19.3.2003,20.3.2007
"Urpilainen, Jutta",SDP,Jutta,Urpilainen, ,2003-2007,Jutta_Urpilainen,19.3.2003,20.3.2007
"Vahasalo, Raija",Kokoomus,Raija,Vahasalo, ,2003-2007,Raija_Vahasalo,19.3.2003,20.3.2007
"Wallin, Harry",SDP,Harry,Wallin, ,2003-2007,Harry_Wallin,19.3.2003,20.3.2007
"Valpas, Unto",Vasemmistoliitto,Unto,Valpas, ,2003-2007,Unto_Valpas,19.3.2003,20.3.2007
"Vanhanen, Matti",Keskusta,Matti,Vanhanen, Puolustusministeri;;Pääministeri;;,2003-2007,Matti_Vanhanen,19.3.2003,20.3.2007
"Vapaavuori, Jan",Kokoomus,Jan,Vapaavuori, ,2003-2007,Jan_Vapaavuori,19.3.2003,20.3.2007
"Wideroos, Ulla-Maj",RKP,Ulla-Maj,Wideroos, Toinen valtiovarainministeri;;Toinen valtiovarainministeri;;,2003-2007,Ulla-Maj_Wideroos,19.3.2003,20.3.2007
"Vielma, Ahti",Kokoomus,Ahti,Vielma, ,2003-2007,Ahti_Vielma,19.3.2003,20.3.2007
"Vihriälä, Jukka",Keskusta,Jukka,Vihriälä, ,2003-2007,Jukka_Vihriälä,19.3.2003,20.3.2007
"Viitanen, Pia",SDP,Pia,Viitanen, ,2003-2007,Pia_Viitanen,19.3.2003,20.3.2007
"Vilén, Jari",Kokoomus,Jari,Vilén, ,2003-2007,Jari_Vilén,19.3.2003,20.3.2007
"Vilkuna, Pekka",Keskusta,Pekka,Vilkuna, ,2003-2007,Pekka_Vilkuna,19.3.2003,20.3.2007
"Virén, Lasse",Kokoomus,Lasse,Virén, ,2003-2007,Lasse_Virén,19.3.2003,20.3.2007
"Virtanen, Erkki",Vasemmistoliitto,Erkki,Virtanen, ,2003-2007,Erkki_Virtanen,19.3.2003,20.3.2007
"Vistbacka, Raimo",Perussuomalaiset,Raimo,Vistbacka, ,2003-2007,Raimo_Vistbacka,19.3.2003,20.3.2007
"Väistö, Matti",Keskusta,Matti,Väistö, ,2003-2007,Matti_Väistö,19.3.2003,20.3.2007
"Väätäinen, Tuula",SDP,Tuula,Väätäinen, ,2003-2007,Tuula_Väätäinen,19.3.2003,20.3.2007
"Ylä-Mononen, Jaana",Keskusta,Jaana,Ylä-Mononen, ,2003-2007,Jaana_Ylä-Mononen,19.3.2003,20.3.2007
"Zyskowicz, Ben",Kokoomus,Ben,Zyskowicz, ,2003-2007,Ben_Zyskowicz,19.3.2003,20.3.2007
"Matti, Ahde",SDP,Matti,Ahde, ,2007-2011,Matti_Ahde,21.3.2007,19.4.2011
"Esko, Ahonen",Keskusta,Esko,Ahonen, ,2007-2011,Esko_Ahonen,21.3.2007,19.4.2011
"Eero, Akaan-Penttilä",Kokoomus,Eero,Akaan-Penttilä, ,2007-2011,Eero_Akaan-Penttilä,21.3.2007,19.4.2011
"Outi, Alanko-Kahiluoto",Vihreät,Outi,Alanko-Kahiluoto, ,2007-2011,Outi_Alanko-Kahiluoto,21.3.2007,19.4.2011
"Mikko, Alatalo",Keskusta,Mikko,Alatalo, ,2007-2011,Mikko_Alatalo,21.3.2007,19.4.2011
"Claes, Andersson",Vasemmistoliitto,Claes,Andersson, ,2007-2011,Claes_Andersson,21.3.2007,19.4.2011
"Janina, Andersson",Vihreät,Janina,Andersson, ,2007-2011,Janina_Andersson,21.3.2007,19.4.2011
"Sirkka-Liisa, Anttila",Keskusta,Sirkka-Liisa,Anttila, Maa- ja metsätalousministeri;;Maa- ja metsätalousministeri;;,2007-2011,Sirkka-Liisa_Anttila,21.3.2007,19.4.2011
"Paavo, Arhinmäki",Vasemmistoliitto,Paavo,Arhinmäki, ,2007-2011,Paavo_Arhinmäki,21.3.2007,19.4.2011
"Marko, Asell",SDP,Marko,Asell, ,2007-2011,Marko_Asell,21.3.2007,19.4.2011
"Sirpa, Asko-Seljavaara",Kokoomus,Sirpa,Asko-Seljavaara, ,2007-2011,Sirpa_Asko-Seljavaara,21.3.2007,19.4.2011
"Risto, Autio",Keskusta,Risto,Autio, ,2007-2011,Risto_Autio,21.3.2007,19.4.2011
"Thomas, Blomqvist",RKP,Thomas,Blomqvist, ,2007-2011,Thomas_Blomqvist,21.3.2007,19.4.2011
"Tuija, Brax",Vihreät,Tuija,Brax, Oikeusministeri;;Oikeusministeri;;,2007-2011,Tuija_Brax,21.3.2007,19.4.2011
"Maarit, Feldt-Ranta",SDP,Maarit,Feldt-Ranta, ,2007-2011,Maarit_Feldt-Ranta,21.3.2007,19.4.2011
"Tarja, Filatov",SDP,Tarja,Filatov, ,2007-2011,Tarja_Filatov,21.3.2007,19.4.2011
"Merikukka, Forsius",Vihreät,Merikukka,Forsius, ,2007-2011,Merikukka_Forsius,21.3.2007,19.4.2011
"Christina, Gestrin",RKP,Christina,Gestrin, ,2007-2011,Christina_Gestrin,21.3.2007,19.4.2011
"Jukka, Gustafsson",SDP,Jukka,Gustafsson, ,2007-2011,Jukka_Gustafsson,21.3.2007,19.4.2011
"Maria, Guzenina-Richardson",SDP,Maria,Guzenina-Richardson, ,2007-2011,Maria_Guzenina-Richardson,21.3.2007,19.4.2011
"Susanna, Haapoja",Keskusta,Susanna,Haapoja, ,2007-2011,Susanna_Haapoja,21.3.2007,19.4.2011
"Tuula, Haatainen",SDP,Tuula,Haatainen, ,2007-2011,Tuula_Haatainen,21.3.2007,19.4.2011
"Pekka, Haavisto",Vihreät,Pekka,Haavisto, ,2007-2011,Pekka_Haavisto,21.3.2007,19.4.2011
"Juha, Hakola",Kokoomus,Juha,Hakola, ,2007-2011,Juha_Hakola,21.3.2007,19.4.2011
"Leena, Harkimo",Kokoomus,Leena,Harkimo, ,2007-2011,Leena_Harkimo,21.3.2007,19.4.2011
"Heidi, Hautala",Vihreät,Heidi,Hautala, ,2007-2011,Heidi_Hautala,21.3.2007,19.4.2011
"Lasse, Hautala",Keskusta,Lasse,Hautala, ,2007-2011,Lasse_Hautala,21.3.2007,19.4.2011
"Hannakaisa, Heikkinen",Keskusta,Hannakaisa,Heikkinen, ,2007-2011,Hannakaisa_Heikkinen,21.3.2007,19.4.2011
"Timo, Heinonen",Kokoomus,Timo,Heinonen, ,2007-2011,Timo_Heinonen,21.3.2007,19.4.2011
"Eero, Heinäluoma",SDP,Eero,Heinäluoma, ,2007-2011,Eero_Heinäluoma,21.3.2007,19.4.2011
"Pertti, Hemmilä",Kokoomus,Pertti,Hemmilä, ,2007-2011,Pertti_Hemmilä,21.3.2007,19.4.2011
"Hanna-Leena, Hemming",Kokoomus,Hanna-Leena,Hemming, ,2007-2011,Hanna-Leena_Hemming,21.3.2007,19.4.2011
"Anna-Maja, Henriksson",RKP,Anna-Maja,Henriksson, ,2007-2011,Anna-Maja_Henriksson,21.3.2007,19.4.2011
"Rakel, Hiltunen",SDP,Rakel,Hiltunen, ,2007-2011,Rakel_Hiltunen,21.3.2007,19.4.2011
"Anne, Holmlund",Kokoomus,Anne,Holmlund, Sisäasiainministeri;;Sisäasiainministeri;;,2007-2011,Anne_Holmlund,21.3.2007,19.4.2011
"Hannu, Hoskonen",Keskusta,Hannu,Hoskonen, ,2007-2011,Hannu_Hoskonen,21.3.2007,19.4.2011
"Susanna, Huovinen",SDP,Susanna,Huovinen, ,2007-2011,Susanna_Huovinen,21.3.2007,19.4.2011
"Sinikka, Hurskainen",SDP,Sinikka,Hurskainen, ,2007-2011,Sinikka_Hurskainen,21.3.2007,19.4.2011
"Liisa, Hyssälä",Keskusta,Liisa,Hyssälä, Sosiaali- ja terveysministeri;; Ministeri työministeriössä;;,2007-2011,Liisa_Hyssälä,21.3.2007,19.4.2011
"Jyri, Häkämies",Kokoomus,Jyri,Häkämies, Ministeri valtioneuvoston kansliassa;; Puolustusministeri;;Ministeri valtioneuvoston kansliassa;; Puolustusministeri;;,2007-2011,Jyri_Häkämies,21.3.2007,19.4.2011
"Tuomo, Hänninen",Keskusta,Tuomo,Hänninen, ,2007-2011,Tuomo_Hänninen,21.3.2007,19.4.2011
"Liisa, Jaakonsaari",SDP,Liisa,Jaakonsaari, ,2007-2011,Liisa_Jaakonsaari,21.3.2007,19.4.2011
"Harri, Jaskari",Kokoomus,Harri,Jaskari, ,2007-2011,Harri_Jaskari,21.3.2007,19.4.2011
"Kalle, Jokinen",Kokoomus,Kalle,Jokinen, ,2007-2011,Kalle_Jokinen,21.3.2007,19.4.2011
"Timo, Juurikkala",Vihreät,Timo,Juurikkala, ,2007-2011,Timo_Juurikkala,21.3.2007,19.4.2011
"Heli, Järvinen",Vihreät,Heli,Järvinen, ,2007-2011,Heli_Järvinen,21.3.2007,19.4.2011
"Pietari, Jääskeläinen",Perussuomalaiset,Pietari,Jääskeläinen, ,2007-2011,Pietari_Jääskeläinen,21.3.2007,19.4.2011
"Antti, Kaikkonen",Keskusta,Antti,Kaikkonen, ,2007-2011,Antti_Kaikkonen,21.3.2007,19.4.2011
"Antti, Kalliomäki",SDP,Antti,Kalliomäki, ,2007-2011,Antti_Kalliomäki,21.3.2007,19.4.2011
"Reijo, Kallio",SDP,Reijo,Kallio, ,2007-2011,Reijo_Kallio,21.3.2007,19.4.2011
"Bjarne, Kallis",Kristillisdemokraatit,Bjarne,Kallis, ,2007-2011,Bjarne_Kallis,21.3.2007,19.4.2011
"Timo, Kalli",Keskusta,Timo,Kalli, ,2007-2011,Timo_Kalli,21.3.2007,19.4.2011
"Anne, Kalmari",Keskusta,Anne,Kalmari, ,2007-2011,Anne_Kalmari,21.3.2007,19.4.2011
"Oiva, Kaltiokumpu",Keskusta,Oiva,Kaltiokumpu, ,2007-2011,Oiva_Kaltiokumpu,21.3.2007,19.4.2011
"Ilkka, Kanerva",Kokoomus,Ilkka,Kanerva, Ulkoasiainministeri;;,2007-2011,Ilkka_Kanerva,21.3.2007,19.4.2011
"Matti, Kangas",Vasemmistoliitto,Matti,Kangas, ,2007-2011,Matti_Kangas,21.3.2007,19.4.2011
"Toimi, Kankaanniemi",Kristillisdemokraatit,Toimi,Kankaanniemi, ,2007-2011,Toimi_Kankaanniemi,21.3.2007,19.4.2011
"Ilkka, Kantola",SDP,Ilkka,Kantola, ,2007-2011,Ilkka_Kantola,21.3.2007,19.4.2011
"Saara, Karhu",SDP,Saara,Karhu, ,2007-2011,Saara_Karhu,21.3.2007,19.4.2011
"Arja, Karhuvaara",Kokoomus,Arja,Karhuvaara, ,2007-2011,Arja_Karhuvaara,21.3.2007,19.4.2011
"Johanna, Karimäki",Vihreät,Johanna,Karimäki, ,2007-2011,Johanna_Karimäki,21.3.2007,19.4.2011
"Kyösti, Karjula",Keskusta,Kyösti,Karjula, ,2007-2011,Kyösti_Karjula,21.3.2007,19.4.2011
"Tanja, Karpela",Keskusta,Tanja,Karpela, ,2007-2011,Tanja_Karpela,21.3.2007,19.4.2011
"Ulla, Karvo",Kokoomus,Ulla,Karvo, ,2007-2011,Ulla_Karvo,21.3.2007,19.4.2011
"Jyrki, Kasvi",Vihreät,Jyrki,Kasvi, ,2007-2011,Jyrki_Kasvi,21.3.2007,19.4.2011
"Elsi, Katainen",Keskusta,Elsi,Katainen, ,2007-2011,Elsi_Katainen,21.3.2007,19.4.2011
"Jyrki, Katainen",Kokoomus,Jyrki,Katainen, Pääministerin sijainen;; Valtiovarainministeri;;Pääministerin sijainen;; Valtiovarainministeri;;,2007-2011,Jyrki_Katainen,21.3.2007,19.4.2011
"Sampsa, Kataja",Kokoomus,Sampsa,Kataja, ,2007-2011,Sampsa_Kataja,21.3.2007,19.4.2011
"Timo, Kaunisto",Keskusta,Timo,Kaunisto, ,2007-2011,Timo_Kaunisto,21.3.2007,19.4.2011
"Matti, Kauppila",Vasemmistoliitto,Matti,Kauppila, ,2007-2011,Matti_Kauppila,21.3.2007,19.4.2011
"Inkeri, Kerola",Keskusta,Inkeri,Kerola, ,2007-2011,Inkeri_Kerola,21.3.2007,19.4.2011
"Anneli, Kiljunen",SDP,Anneli,Kiljunen, ,2007-2011,Anneli_Kiljunen,21.3.2007,19.4.2011
"Kimmo, Kiljunen",SDP,Kimmo,Kiljunen, ,2007-2011,Kimmo_Kiljunen,21.3.2007,19.4.2011
"Krista, Kiuru",SDP,Krista,Kiuru, ,2007-2011,Krista_Kiuru,21.3.2007,19.4.2011
"Mari, Kiviniemi",Keskusta,Mari,Kiviniemi, Ministeri sisäasiainministeriössä;; Hallinto- ja kuntaministeri;;Pääministeri;;,2007-2011,Mari_Kiviniemi,21.3.2007,19.4.2011
"Esko, Kiviranta",Keskusta,Esko,Kiviranta, ,2007-2011,Esko_Kiviranta,21.3.2007,19.4.2011
"Katri, Komi",Keskusta,Katri,Komi, ,2007-2011,Katri_Komi,21.3.2007,19.4.2011
"Martti, Korhonen",Vasemmistoliitto,Martti,Korhonen, ,2007-2011,Martti_Korhonen,21.3.2007,19.4.2011
"Timo, Korhonen",Keskusta,Timo,Korhonen, ,2007-2011,Timo_Korhonen,21.3.2007,19.4.2011
"Juha, Korkeaoja",Keskusta,Juha,Korkeaoja, ,2007-2011,Juha_Korkeaoja,21.3.2007,19.4.2011
"Jari, Koskinen",Kokoomus,Jari,Koskinen, ,2007-2011,Jari_Koskinen,21.3.2007,19.4.2011
"Johannes, Koskinen",SDP,Johannes,Koskinen, ,2007-2011,Johannes_Koskinen,21.3.2007,19.4.2011
"Marjaana, Koskinen",SDP,Marjaana,Koskinen, ,2007-2011,Marjaana_Koskinen,21.3.2007,19.4.2011
"Valto, Koski",SDP,Valto,Koski, ,2007-2011,Valto_Koski,21.3.2007,19.4.2011
"Risto, Kuisma",SDP,Risto,Kuisma, ,2007-2011,Risto_Kuisma,21.3.2007,19.4.2011
"Miapetra, Kumpula-Natri",SDP,Miapetra,Kumpula-Natri, ,2007-2011,Miapetra_Kumpula-Natri,21.3.2007,19.4.2011
"Mikko, Kuoppa",Vasemmistoliitto,Mikko,Kuoppa, ,2007-2011,Mikko_Kuoppa,21.3.2007,19.4.2011
"Merja, Kuusisto",SDP,Merja,Kuusisto, ,2007-2011,Merja_Kuusisto,21.3.2007,19.4.2011
"Merja, Kyllönen",Vasemmistoliitto,Merja,Kyllönen, ,2007-2011,Merja_Kyllönen,21.3.2007,19.4.2011
"Lauri, Kähkönen",SDP,Lauri,Kähkönen, ,2007-2011,Lauri_Kähkönen,21.3.2007,19.4.2011
"Kari, Kärkkäinen",Kristillisdemokraatit,Kari,Kärkkäinen, ,2007-2011,Kari_Kärkkäinen,21.3.2007,19.4.2011
"Seppo, Kääriäinen",Keskusta,Seppo,Kääriäinen, ,2007-2011,Seppo_Kääriäinen,21.3.2007,19.4.2011
"Jaakko, Laakso",Vasemmistoliitto,Jaakko,Laakso, ,2007-2011,Jaakko_Laakso,21.3.2007,19.4.2011
"Esa, Lahtela",SDP,Esa,Lahtela, ,2007-2011,Esa_Lahtela,21.3.2007,19.4.2011
"Reijo, Laitinen",SDP,Reijo,Laitinen, ,2007-2011,Reijo_Laitinen,21.3.2007,19.4.2011
"Annika, Lapintie",Vasemmistoliitto,Annika,Lapintie, ,2007-2011,Annika_Lapintie,21.3.2007,19.4.2011
"Jari, Larikka",Kokoomus,Jari,Larikka, ,2007-2011,Jari_Larikka,21.3.2007,19.4.2011
"Markku, Laukkanen",Keskusta,Markku,Laukkanen, ,2007-2011,Markku_Laukkanen,21.3.2007,19.4.2011
"Sanna, Lauslahti",Kokoomus,Sanna,Lauslahti, ,2007-2011,Sanna_Lauslahti,21.3.2007,19.4.2011
"Jouko, Laxell",Kokoomus,Jouko,Laxell, ,2007-2011,Jouko_Laxell,21.3.2007,19.4.2011
"Eero, Lehti",Kokoomus,Eero,Lehti, ,2007-2011,Eero_Lehti,21.3.2007,19.4.2011
"Paula, Lehtomäki",Keskusta,Paula,Lehtomäki, Ympäristöministeri;; Ympäristöministeri;;Ympäristöministeri;;,2007-2011,Paula_Lehtomäki,21.3.2007,19.4.2011
"Jari, Leppä",Keskusta,Jari,Leppä, ,2007-2011,Jari_Leppä,21.3.2007,19.4.2011
"Suvi, Lindén",Kokoomus,Suvi,Lindén, Viestintäministeri;;Viestintäministeri;;,2007-2011,Suvi_Lindén,21.3.2007,19.4.2011
"Mika, Lintilä",Keskusta,Mika,Lintilä, ,2007-2011,Mika_Lintilä,21.3.2007,19.4.2011
"Päivi, Lipponen",SDP,Päivi,Lipponen, ,2007-2011,Päivi_Lipponen,21.3.2007,19.4.2011
"Hannes, Manninen",Keskusta,Hannes,Manninen, ,2007-2011,Hannes_Manninen,21.3.2007,19.4.2011
"Marjo, Matikainen-Kallström",Kokoomus,Marjo,Matikainen-Kallström, ,2007-2011,Marjo_Matikainen-Kallström,21.3.2007,19.4.2011
"Juha, Mieto",Keskusta,Juha,Mieto, ,2007-2011,Juha_Mieto,21.3.2007,19.4.2011
"Markus, Mustajärvi",Vasemmistoliitto,Markus,Mustajärvi, ,2007-2011,Markus_Mustajärvi,21.3.2007,19.4.2011
"Jukka, Mäkelä",Kokoomus,Jukka,Mäkelä, ,2007-2011,Jukka_Mäkelä,21.3.2007,19.4.2011
"Outi, Mäkelä",Kokoomus,Outi,Mäkelä, ,2007-2011,Outi_Mäkelä,21.3.2007,19.4.2011
"Tapani, Mäkinen",Kokoomus,Tapani,Mäkinen, ,2007-2011,Tapani_Mäkinen,21.3.2007,19.4.2011
"Elisabeth, Nauclér",RKP,Elisabeth,Nauclér, ,2007-2011,Elisabeth_Nauclér,21.3.2007,19.4.2011
"Olli, Nepponen",Kokoomus,Olli,Nepponen, ,2007-2011,Olli_Nepponen,21.3.2007,19.4.2011
"Sauli, Niinistö",Kokoomus,Sauli,Niinistö, ,2007-2011,Sauli_Niinistö,21.3.2007,19.4.2011
"Ville, Niinistö",Vihreät,Ville,Niinistö, ,2007-2011,Ville_Niinistö,21.3.2007,19.4.2011
"Håkan, Nordman",RKP,Håkan,Nordman, ,2007-2011,Håkan_Nordman,21.3.2007,19.4.2011
"Tuija, Nurmi",Kokoomus,Tuija,Nurmi, ,2007-2011,Tuija_Nurmi,21.3.2007,19.4.2011
"Mikaela, Nylander",RKP,Mikaela,Nylander, ,2007-2011,Mikaela_Nylander,21.3.2007,19.4.2011
"Mats, Nylund",RKP,Mats,Nylund, ,2007-2011,Mats_Nylund,21.3.2007,19.4.2011
"Lauri, Oinonen",Keskusta,Lauri,Oinonen, ,2007-2011,Lauri_Oinonen,21.3.2007,19.4.2011
"Pentti, Juhani",Perussuomalaiset,Pentti,Juhani, ,2007-2011,Pentti_Juhani,21.3.2007,19.4.2011
"Johanna, Ojala-Niemelä",SDP,Johanna,Ojala-Niemelä, ,2007-2011,Johanna_Ojala-Niemelä,21.3.2007,19.4.2011
"Kirsi, Ojansuu",Vihreät,Kirsi,Ojansuu, ,2007-2011,Kirsi_Ojansuu,21.3.2007,19.4.2011
"Heikki, Ollila",Kokoomus,Heikki,Ollila, ,2007-2011,Heikki_Ollila,21.3.2007,19.4.2011
"Petteri, Orpo",Kokoomus,Petteri,Orpo, ,2007-2011,Petteri_Orpo,21.3.2007,19.4.2011
"Reijo, Paajanen",Kokoomus,Reijo,Paajanen, ,2007-2011,Reijo_Paajanen,21.3.2007,19.4.2011
"Heli, Paasio",SDP,Heli,Paasio, ,2007-2011,Heli_Paasio,21.3.2007,19.4.2011
"Sirpa, Paatero",SDP,Sirpa,Paatero, ,2007-2011,Sirpa_Paatero,21.3.2007,19.4.2011
"Markku, Pakkanen",Keskusta,Markku,Pakkanen, ,2007-2011,Markku_Pakkanen,21.3.2007,19.4.2011
"Sari, Palm",Kristillisdemokraatit,Sari,Palm, ,2007-2011,Sari_Palm,21.3.2007,19.4.2011
"Aila, Paloniemi",Keskusta,Aila,Paloniemi, ,2007-2011,Aila_Paloniemi,21.3.2007,19.4.2011
"Mauri, Pekkarinen",Keskusta,Mauri,Pekkarinen, Ministeri sisäasiainministeriössä;; Kauppa- ja teollisuusministeri;; Elinkeinoministeri;;Elinkeinoministeri;;,2007-2011,Mauri_Pekkarinen,21.3.2007,19.4.2011
"Tuula, Peltonen",SDP,Tuula,Peltonen, ,2007-2011,Tuula_Peltonen,21.3.2007,19.4.2011
"Klaus, Pentti",Keskusta,Klaus,Pentti, ,2007-2011,Klaus_Pentti,21.3.2007,19.4.2011
"Sanna, Perkiö",Kokoomus,Sanna,Perkiö, ,2007-2011,Sanna_Perkiö,21.3.2007,19.4.2011
"Petri, Pihlajaniemi",Kokoomus,Petri,Pihlajaniemi, ,2007-2011,Petri_Pihlajaniemi,21.3.2007,19.4.2011
"Raimo, Piirainen",SDP,Raimo,Piirainen, ,2007-2011,Raimo_Piirainen,21.3.2007,19.4.2011
"Veijo, Puhjo",Vasemmistoliitto,Veijo,Puhjo, ,2007-2011,Veijo_Puhjo,21.3.2007,19.4.2011
"Erkki, Pulliainen",Vihreät,Erkki,Pulliainen, ,2007-2011,Erkki_Pulliainen,21.3.2007,19.4.2011
"Tuomo, Puumala",Keskusta,Tuomo,Puumala, ,2007-2011,Tuomo_Puumala,21.3.2007,19.4.2011
"Lyly, Rajala",Kokoomus,Lyly,Rajala, ,2007-2011,Lyly_Rajala,21.3.2007,19.4.2011
"Kari, Rajamäki",SDP,Kari,Rajamäki, ,2007-2011,Kari_Rajamäki,21.3.2007,19.4.2011
"Antti, Rantakangas",Keskusta,Antti,Rantakangas, ,2007-2011,Antti_Rantakangas,21.3.2007,19.4.2011
"Leena, Rauhala",Kristillisdemokraatit,Leena,Rauhala, ,2007-2011,Leena_Rauhala,21.3.2007,19.4.2011
"Pekka, Ravi",Kokoomus,Pekka,Ravi, ,2007-2011,Pekka_Ravi,21.3.2007,19.4.2011
"Juha, Rehula",Keskusta,Juha,Rehula, Sosiaali- ja terveysministeri;;Sosiaali- ja terveysministeri;;,2007-2011,Juha_Rehula,21.3.2007,19.4.2011
"Eero, Reijonen",Keskusta,Eero,Reijonen, ,2007-2011,Eero_Reijonen,21.3.2007,19.4.2011
"Paula, Risikko",Kokoomus,Paula,Risikko, Peruspalveluministeri;; Ministeri ympäristöministeriössä;;Peruspalveluministeri;;,2007-2011,Paula_Risikko,21.3.2007,19.4.2011
"Markku, Rossi",Keskusta,Markku,Rossi, ,2007-2011,Markku_Rossi,21.3.2007,19.4.2011
"Pirkko, Ruohonen-Lerner",Perussuomalaiset,Pirkko,Ruohonen-Lerner, ,2007-2011,Pirkko_Ruohonen-Lerner,21.3.2007,19.4.2011
"Päivi, Räsänen",Kristillisdemokraatit,Päivi,Räsänen, ,2007-2011,Päivi_Räsänen,21.3.2007,19.4.2011
"Tero, Rönni",SDP,Tero,Rönni, ,2007-2011,Tero_Rönni,21.3.2007,19.4.2011
"Matti, Saarinen",SDP,Matti,Saarinen, ,2007-2011,Matti_Saarinen,21.3.2007,19.4.2011
"Pertti, Salolainen",Kokoomus,Pertti,Salolainen, ,2007-2011,Pertti_Salolainen,21.3.2007,19.4.2011
"Petri, Salo",Kokoomus,Petri,Salo, ,2007-2011,Petri_Salo,21.3.2007,19.4.2011
"Pertti, Salovaara",Keskusta,Pertti,Salovaara, ,2007-2011,Pertti_Salovaara,21.3.2007,19.4.2011
"Sari, Sarkomaa",Kokoomus,Sari,Sarkomaa, Opetusministeri;;,2007-2011,Sari_Sarkomaa,21.3.2007,19.4.2011
"Kimmo, Sasi",Kokoomus,Kimmo,Sasi, ,2007-2011,Kimmo_Sasi,21.3.2007,19.4.2011
"Arto, Satonen",Kokoomus,Arto,Satonen, ,2007-2011,Arto_Satonen,21.3.2007,19.4.2011
"Janne, Seurujärvi",Keskusta,Janne,Seurujärvi, ,2007-2011,Janne_Seurujärvi,21.3.2007,19.4.2011
"Paula, Sihto",Keskusta,Paula,Sihto, ,2007-2011,Paula_Sihto,21.3.2007,19.4.2011
"Anni, Sinnemäki",Vihreät,Anni,Sinnemäki, Työministeri;;Työministeri;;,2007-2011,Anni_Sinnemäki,21.3.2007,19.4.2011
"Minna, Sirnö",Vasemmistoliitto,Minna,Sirnö, ,2007-2011,Minna_Sirnö,21.3.2007,19.4.2011
"Jouko, Skinnari",SDP,Jouko,Skinnari, ,2007-2011,Jouko_Skinnari,21.3.2007,19.4.2011
"Timo, Soini",Perussuomalaiset,Timo,Soini, ,2007-2011,Timo_Soini,21.3.2007,19.4.2011
"Johanna, Sumuvuori",Vihreät,Johanna,Sumuvuori, ,2007-2011,Johanna_Sumuvuori,21.3.2007,19.4.2011
"Seppo, Särkiniemi",Keskusta,Seppo,Särkiniemi, ,2007-2011,Seppo_Särkiniemi,21.3.2007,19.4.2011
"Jacob, Söderman",SDP,Jacob,Söderman, ,2007-2011,Jacob_Söderman,21.3.2007,19.4.2011
"Tommy, Tabermann",SDP,Tommy,Tabermann, ,2007-2011,Tommy_Tabermann,21.3.2007,19.4.2011
"Katja, Taimela",SDP,Katja,Taimela, ,2007-2011,Katja_Taimela,21.3.2007,19.4.2011
"Satu, Taiveaho",SDP,Satu,Taiveaho, ,2007-2011,Satu_Taiveaho,21.3.2007,19.4.2011
"Tarja, Tallqvist",Kristillisdemokraatit,Tarja,Tallqvist, ,2007-2011,Tarja_Tallqvist,21.3.2007,19.4.2011
"Esko-Juhani, Tennilä",Vasemmistoliitto,Esko-Juhani,Tennilä, ,2007-2011,Esko-Juhani_Tennilä,21.3.2007,19.4.2011
"Astrid, Thors",RKP,Astrid,Thors, Ministeri valtioneuvoston kansliassa;; Ministeri oikeusministeriössä;; Maahanmuutto- ja eurooppaministeri;; Ministeri työministeriössä;;Ministeri valtioneuvoston kansliassa;; Ministeri oikeusministeriössä;; Maahanmuutto- ja eurooppaministeri;;,2007-2011,Astrid_Thors,21.3.2007,19.4.2011
"Kimmo, Tiilikainen",Keskusta,Kimmo,Tiilikainen, Ympäristöministeri;;,2007-2011,Kimmo_Tiilikainen,21.3.2007,19.4.2011
"Marja, Tiura",Kokoomus,Marja,Tiura, ,2007-2011,Marja_Tiura,21.3.2007,19.4.2011
"Pentti, Tiusanen",Vasemmistoliitto,Pentti,Tiusanen, ,2007-2011,Pentti_Tiusanen,21.3.2007,19.4.2011
"Lenita, Toivakka",Kokoomus,Lenita,Toivakka, ,2007-2011,Lenita_Toivakka,21.3.2007,19.4.2011
"Erkki, Tuomioja",SDP,Erkki,Tuomioja, ,2007-2011,Erkki_Tuomioja,21.3.2007,19.4.2011
"Oras, Tynkkynen",Vihreät,Oras,Tynkkynen, ,2007-2011,Oras_Tynkkynen,21.3.2007,19.4.2011
"Tapani, Tölli",Keskusta,Tapani,Tölli, Hallinto- ja kuntaministeri;;,2007-2011,Tapani_Tölli,21.3.2007,19.4.2011
"Tuulikki, Ukkola",Kokoomus,Tuulikki,Ukkola, ,2007-2011,Tuulikki_Ukkola,21.3.2007,19.4.2011
"Kari, Uotila",Vasemmistoliitto,Kari,Uotila, ,2007-2011,Kari_Uotila,21.3.2007,19.4.2011
"Jutta, Urpilainen",SDP,Jutta,Urpilainen, ,2007-2011,Jutta_Urpilainen,21.3.2007,19.4.2011
"Markku, Uusipaavalniemi",Keskusta,Markku,Uusipaavalniemi, ,2007-2011,Markku_Uusipaavalniemi,21.3.2007,19.4.2011
"Raija, Vahasalo",Kokoomus,Raija,Vahasalo, ,2007-2011,Raija_Vahasalo,21.3.2007,19.4.2011
"Unto, Valpas",Vasemmistoliitto,Unto,Valpas, ,2007-2011,Unto_Valpas,21.3.2007,19.4.2011
"Matti, Vanhanen",Keskusta,Matti,Vanhanen, Pääministeri;;,2007-2011,Matti_Vanhanen,21.3.2007,19.4.2011
"Jan, Vapaavuori",Kokoomus,Jan,Vapaavuori, Ministeri valtioneuvoston kansliassa;; Ministeri ulkoasiainministeriössä;; Asuntoministeri;;Ministeri valtioneuvoston kansliassa;; Ministeri ulkoasiainministeriössä;; Asuntoministeri;;,2007-2011,Jan_Vapaavuori,21.3.2007,19.4.2011
"Mirja, Vehkaperä",Keskusta,Mirja,Vehkaperä, ,2007-2011,Mirja_Vehkaperä,21.3.2007,19.4.2011
"Anu, Vehviläinen",Keskusta,Anu,Vehviläinen, Liikenneministeri;;Liikenneministeri;;,2007-2011,Anu_Vehviläinen,21.3.2007,19.4.2011
"Pauliina, Viitamies",SDP,Pauliina,Viitamies, ,2007-2011,Pauliina_Viitamies,21.3.2007,19.4.2011
"Pia, Viitanen",SDP,Pia,Viitanen, ,2007-2011,Pia_Viitanen,21.3.2007,19.4.2011
"Ilkka, Viljanen",Kokoomus,Ilkka,Viljanen, ,2007-2011,Ilkka_Viljanen,21.3.2007,19.4.2011
"Pekka, Vilkuna",Keskusta,Pekka,Vilkuna, ,2007-2011,Pekka_Vilkuna,21.3.2007,19.4.2011
"Henna, Virkkunen",Kokoomus,Henna,Virkkunen, Opetusministeri;; Opetusministeri;;Opetusministeri;;,2007-2011,Henna_Virkkunen,21.3.2007,19.4.2011
"Anne-Mari, Virolainen",Kokoomus,Anne-Mari,Virolainen, ,2007-2011,Anne-Mari_Virolainen,21.3.2007,19.4.2011
"Erkki, Virtanen",Vasemmistoliitto,Erkki,Virtanen, ,2007-2011,Erkki_Virtanen,21.3.2007,19.4.2011
"Pertti, Virtanen",Perussuomalaiset,Pertti,Virtanen, ,2007-2011,Pertti_Virtanen,21.3.2007,19.4.2011
"Raimo, Vistbacka",Perussuomalaiset,Raimo,Vistbacka, ,2007-2011,Raimo_Vistbacka,21.3.2007,19.4.2011
"Antti, Vuolanne",SDP,Antti,Vuolanne, ,2007-2011,Antti_Vuolanne,21.3.2007,19.4.2011
"Paavo, Väyrynen",Keskusta,Paavo,Väyrynen, Ulkomaankauppa- ja kehitysministeri;;Ulkomaankauppa- ja kehitysministeri;;,2007-2011,Paavo_Väyrynen,21.3.2007,19.4.2011
"Tuula, Väätäinen",SDP,Tuula,Väätäinen, ,2007-2011,Tuula_Väätäinen,21.3.2007,19.4.2011
"Stefan, Wallin",RKP,Stefan,Wallin, Kulttuuri- ja urheiluministeri;; Kulttuuri- ja urheiluministeri;; Ministeri sosiaali- ja terveysministeriössä;;Kulttuuri- ja urheiluministeri;; Ministeri sosiaali- ja terveysministeriössä;;,2007-2011,Stefan_Wallin,21.3.2007,19.4.2011
"Ulla-Maj, Wideroos",RKP,Ulla-Maj,Wideroos, ,2007-2011,Ulla-Maj_Wideroos,21.3.2007,19.4.2011
"Jyrki, Yrttiaho",Vasemmistoliitto,Jyrki,Yrttiaho, ,2007-2011,Jyrki_Yrttiaho,21.3.2007,19.4.2011
"Ben, Zyskowicz",Kokoomus,Ben,Zyskowicz, ,2007-2011,Ben_Zyskowicz,21.3.2007,19.4.2011
"Ahvenjärvi, Sauli",Kristillisdemokraatit,Sauli,Ahvenjärvi, ,2011-2015,Sauli_Ahvenjärvi,20.4.2011,21.4.2015
"Alanko-Kahiluoto, Outi",Vihreät,Outi,Alanko-Kahiluoto, ,2011-2015,Outi_Alanko-Kahiluoto,20.4.2011,21.4.2015
"Alatalo, Mikko",Keskusta,Mikko,Alatalo, ,2011-2015,Mikko_Alatalo,20.4.2011,21.4.2015
"Anttila, Sirkka-Liisa",Keskusta,Sirkka-Liisa,Anttila, ,2011-2015,Sirkka-Liisa_Anttila,20.4.2011,21.4.2015
"Arhinmäki, Paavo",Vasemmistoliitto,Paavo,Arhinmäki, Kulttuuri- ja urheiluministeri;;,2011-2015,Paavo_Arhinmäki,20.4.2011,21.4.2015
"Autto, Heikki",Kokoomus,Heikki,Autto, ,2011-2015,Heikki_Autto,20.4.2011,21.4.2015
"Backman, Jouni",SDP,Jouni,Backman, ,2011-2015,Jouni_Backman,20.4.2011,21.4.2015
"Blomqvist, Thomas",RKP,Thomas,Blomqvist, ,2011-2015,Thomas_Blomqvist,20.4.2011,21.4.2015
"Brax, Tuija",Vihreät,Tuija,Brax, ,2011-2015,Tuija_Brax,20.4.2011,21.4.2015
"Donner, Jörn",RKP,Jörn,Donner, ,2011-2015,Jörn_Donner,20.4.2011,21.4.2015
"Eerola, Juho",Perussuomalaiset,Juho,Eerola, ,2011-2015,Juho_Eerola,20.4.2011,21.4.2015
"Eestilä, Markku",Kokoomus,Markku,Eestilä, ,2011-2015,Markku_Eestilä,20.4.2011,21.4.2015
"Elomaa, Ritva",Perussuomalaiset,Ritva,Elomaa, ,2011-2015,Ritva_Elomaa,20.4.2011,21.4.2015
"Eloranta, Eeva-Johanna",SDP,Eeva-Johanna,Eloranta, ,2011-2015,Eeva-Johanna_Eloranta,20.4.2011,21.4.2015
"Feldt-Ranta, Maarit",SDP,Maarit,Feldt-Ranta, ,2011-2015,Maarit_Feldt-Ranta,20.4.2011,21.4.2015
"Filatov, Tarja",SDP,Tarja,Filatov, ,2011-2015,Tarja_Filatov,20.4.2011,21.4.2015
"Gestrin, Christina",RKP,Christina,Gestrin, ,2011-2015,Christina_Gestrin,20.4.2011,21.4.2015
"Grahn-Laasonen, Sanni",Kokoomus,Sanni,Grahn-Laasonen, Ympäristöministeri;;,2011-2015,Sanni_Grahn-Laasonen,20.4.2011,21.4.2015
"Gustafsson, Jukka",SDP,Jukka,Gustafsson, Opetusministeri;;,2011-2015,Jukka_Gustafsson,20.4.2011,21.4.2015
"Guzenina-Richardson, Maria",SDP,Maria,Guzenina-Richardson, Peruspalveluministeri;;,2011-2015,Maria_Guzenina-Richardson,20.4.2011,21.4.2015
"Gästgivars, Lars",RKP,Lars,Gästgivars, ,2011-2015,Lars_Gästgivars,20.4.2011,21.4.2015
"Haapanen, Satu",Vihreät,Satu,Haapanen, ,2011-2015,Satu_Haapanen,20.4.2011,21.4.2015
"Haavisto, Pekka",Vihreät,Pekka,Haavisto, Kehitysministeri;;Kehitysministeri;;,2011-2015,Pekka_Haavisto,20.4.2011,21.4.2015
"Hakkarainen, Teuvo",Perussuomalaiset,Teuvo,Hakkarainen, ,2011-2015,Teuvo_Hakkarainen,20.4.2011,21.4.2015
"Halla-aho, Jussi",Perussuomalaiset,Jussi,Halla-aho, ,2011-2015,Jussi_Halla-aho,20.4.2011,21.4.2015
"Harkimo, Leena",Kokoomus,Leena,Harkimo, ,2011-2015,Leena_Harkimo,20.4.2011,21.4.2015
"Hautala, Lasse",Keskusta,Lasse,Hautala, ,2011-2015,Lasse_Hautala,20.4.2011,21.4.2015
"Heikkilä, Lauri",Perussuomalaiset,Lauri,Heikkilä, ,2011-2015,Lauri_Heikkilä,20.4.2011,21.4.2015
"Heinonen, Timo",Kokoomus,Timo,Heinonen, ,2011-2015,Timo_Heinonen,20.4.2011,21.4.2015
"Heinäluoma, Eero",SDP,Eero,Heinäluoma, ,2011-2015,Eero_Heinäluoma,20.4.2011,21.4.2015
"Hemmilä, Pertti",Kokoomus,Pertti,Hemmilä, ,2011-2015,Pertti_Hemmilä,20.4.2011,21.4.2015
"Henriksson, Anna-Maja",RKP,Anna-Maja,Henriksson, Oikeusministeri;;Oikeusministeri;;,2011-2015,Anna-Maja_Henriksson,20.4.2011,21.4.2015
"Hiltunen, Rakel",SDP,Rakel,Hiltunen, ,2011-2015,Rakel_Hiltunen,20.4.2011,21.4.2015
"Hirvisaari, James",m11,James,Hirvisaari, ,2011-2015,James_Hirvisaari,20.4.2011,21.4.2015
"Holmlund, Anne",Kokoomus,Anne,Holmlund, ,2011-2015,Anne_Holmlund,20.4.2011,21.4.2015
"Hongisto, Reijo",Perussuomalaiset,Reijo,Hongisto, ,2011-2015,Reijo_Hongisto,20.4.2011,21.4.2015
"Huovinen, Susanna",SDP,Susanna,Huovinen, Peruspalveluministeri;;Peruspalveluministeri;;,2011-2015,Susanna_Huovinen,20.4.2011,21.4.2015
"Häkämies, Jyri",Kokoomus,Jyri,Häkämies, Elinkeinoministeri;;,2011-2015,Jyri_Häkämies,20.4.2011,21.4.2015
"Hänninen, Katja",Vasemmistoliitto,Katja,Hänninen, ,2011-2015,Katja_Hänninen,20.4.2011,21.4.2015
"Ihalainen, Lauri",SDP,Lauri,Ihalainen, Työministeri;;Työministeri;;,2011-2015,Lauri_Ihalainen,20.4.2011,21.4.2015
"Immonen, Olli",Perussuomalaiset,Olli,Immonen, ,2011-2015,Olli_Immonen,20.4.2011,21.4.2015
"Jalonen, Ari",Perussuomalaiset,Ari,Jalonen, ,2011-2015,Ari_Jalonen,20.4.2011,21.4.2015
"Jaskari, Harri",Kokoomus,Harri,Jaskari, ,2011-2015,Harri_Jaskari,20.4.2011,21.4.2015
"Jokinen, Kalle",Kokoomus,Kalle,Jokinen, ,2011-2015,Kalle_Jokinen,20.4.2011,21.4.2015
"Joutsenlahti, Anssi",Perussuomalaiset,Anssi,Joutsenlahti, ,2011-2015,Anssi_Joutsenlahti,20.4.2011,21.4.2015
"Jungner, Mikael",SDP,Mikael,Jungner, ,2011-2015,Mikael_Jungner,20.4.2011,21.4.2015
"Jurva, Johanna",Perussuomalaiset,Johanna,Jurva, ,2011-2015,Johanna_Jurva,20.4.2011,21.4.2015
"Juvonen, Arja",Perussuomalaiset,Arja,Juvonen, ,2011-2015,Arja_Juvonen,20.4.2011,21.4.2015
"Jääskeläinen, Jouko",Kristillisdemokraatit,Jouko,Jääskeläinen, ,2011-2015,Jouko_Jääskeläinen,20.4.2011,21.4.2015
"Jääskeläinen, Pietari",Perussuomalaiset,Pietari,Jääskeläinen, ,2011-2015,Pietari_Jääskeläinen,20.4.2011,21.4.2015
"Kaikkonen, Antti",Keskusta,Antti,Kaikkonen, ,2011-2015,Antti_Kaikkonen,20.4.2011,21.4.2015
"Kalli, Timo",Keskusta,Timo,Kalli, ,2011-2015,Timo_Kalli,20.4.2011,21.4.2015
"Kalliorinne, Risto",Vasemmistoliitto,Risto,Kalliorinne, ,2011-2015,Risto_Kalliorinne,20.4.2011,21.4.2015
"Kalmari, Anne",Keskusta,Anne,Kalmari, ,2011-2015,Anne_Kalmari,20.4.2011,21.4.2015
"Kanerva, Ilkka",Kokoomus,Ilkka,Kanerva, ,2011-2015,Ilkka_Kanerva,20.4.2011,21.4.2015
"Kantola, Ilkka",SDP,Ilkka,Kantola, ,2011-2015,Ilkka_Kantola,20.4.2011,21.4.2015
"Karhu, Saara",SDP,Saara,Karhu, ,2011-2015,Saara_Karhu,20.4.2011,21.4.2015
"Kari, Mika",SDP,Mika,Kari, ,2011-2015,Mika_Kari,20.4.2011,21.4.2015
"Karimäki, Johanna",Vihreät,Johanna,Karimäki, ,2011-2015,Johanna_Karimäki,20.4.2011,21.4.2015
"Katainen, Elsi",Keskusta,Elsi,Katainen, ,2011-2015,Elsi_Katainen,20.4.2011,21.4.2015
"Katainen, Jyrki",Kokoomus,Jyrki,Katainen, Pääministeri;;,2011-2015,Jyrki_Katainen,20.4.2011,21.4.2015
"Kataja, Sampsa",Kokoomus,Sampsa,Kataja, ,2011-2015,Sampsa_Kataja,20.4.2011,21.4.2015
"Kauma, Pia",Kokoomus,Pia,Kauma, ,2011-2015,Pia_Kauma,20.4.2011,21.4.2015
"Kerola, Inkeri",Keskusta,Inkeri,Kerola, ,2011-2015,Inkeri_Kerola,20.4.2011,21.4.2015
"Kettunen, Pentti",Perussuomalaiset,Pentti,Kettunen, ,2011-2015,Pentti_Kettunen,20.4.2011,21.4.2015
"Kiljunen, Anneli",SDP,Anneli,Kiljunen, ,2011-2015,Anneli_Kiljunen,20.4.2011,21.4.2015
"Kiuru, Krista",SDP,Krista,Kiuru, Opetus- ja viestintäministeri;; Opetusministeri;; Asunto- ja viestintäministeri;;Opetus- ja viestintäministeri;;,2011-2015,Krista_Kiuru,20.4.2011,21.4.2015
"Kiuru, Pauli",Kokoomus,Pauli,Kiuru, ,2011-2015,Pauli_Kiuru,20.4.2011,21.4.2015
"Kivelä, Kimmo",Perussuomalaiset,Kimmo,Kivelä, ,2011-2015,Kimmo_Kivelä,20.4.2011,21.4.2015
"Kiviniemi, Mari",Keskusta,Mari,Kiviniemi, ,2011-2015,Mari_Kiviniemi,20.4.2011,21.4.2015
"Kiviranta, Esko",Keskusta,Esko,Kiviranta, ,2011-2015,Esko_Kiviranta,20.4.2011,21.4.2015
"Kokko, Osmo",Perussuomalaiset,Osmo,Kokko, ,2011-2015,Osmo_Kokko,20.4.2011,21.4.2015
"Komi, Katri",Keskusta,Katri,Komi, ,2011-2015,Katri_Komi,20.4.2011,21.4.2015
"Kontula, Anna",Vasemmistoliitto,Anna,Kontula, ,2011-2015,Anna_Kontula,20.4.2011,21.4.2015
"Kopra, Jukka",Kokoomus,Jukka,Kopra, ,2011-2015,Jukka_Kopra,20.4.2011,21.4.2015
"Korhonen, Martti",Vasemmistoliitto,Martti,Korhonen, ,2011-2015,Martti_Korhonen,20.4.2011,21.4.2015
"Korhonen, Timo",Keskusta,Timo,Korhonen, ,2011-2015,Timo_Korhonen,20.4.2011,21.4.2015
"Koskela, Laila",Keskusta,Laila,Koskela, ,2011-2015,Laila_Koskela,20.4.2011,21.4.2015
"Koskinen, Johannes",SDP,Johannes,Koskinen, ,2011-2015,Johannes_Koskinen,20.4.2011,21.4.2015
"Kumpula-Natri, Miapetra",SDP,Miapetra,Kumpula-Natri, ,2011-2015,Miapetra_Kumpula-Natri,20.4.2011,21.4.2015
"Kurvinen, Esko",Kokoomus,Esko,Kurvinen, ,2011-2015,Esko_Kurvinen,20.4.2011,21.4.2015
"Kuusisto, Merja",SDP,Merja,Kuusisto, ,2011-2015,Merja_Kuusisto,20.4.2011,21.4.2015
"Kyllönen, Merja",Vasemmistoliitto,Merja,Kyllönen, Liikenneministeri;;,2011-2015,Merja_Kyllönen,20.4.2011,21.4.2015
"Kymäläinen, Suna",SDP,Suna,Kymäläinen, ,2011-2015,Suna_Kymäläinen,20.4.2011,21.4.2015
"Kärnä, Jukka",SDP,Jukka,Kärnä, ,2011-2015,Jukka_Kärnä,20.4.2011,21.4.2015
"Kääriäinen, Seppo",Keskusta,Seppo,Kääriäinen, ,2011-2015,Seppo_Kääriäinen,20.4.2011,21.4.2015
"Lapintie, Annika",Vasemmistoliitto,Annika,Lapintie, ,2011-2015,Annika_Lapintie,20.4.2011,21.4.2015
"Lauslahti, Sanna",Kokoomus,Sanna,Lauslahti, ,2011-2015,Sanna_Lauslahti,20.4.2011,21.4.2015
"Lehti, Eero",Kokoomus,Eero,Lehti, ,2011-2015,Eero_Lehti,20.4.2011,21.4.2015
"Lehtomäki, Paula",Keskusta,Paula,Lehtomäki, ,2011-2015,Paula_Lehtomäki,20.4.2011,21.4.2015
"Lepomäki, Elina",Kokoomus,Elina,Lepomäki, ,2011-2015,Elina_Lepomäki,20.4.2011,21.4.2015
"Leppä, Jari",Keskusta,Jari,Leppä, ,2011-2015,Jari_Leppä,20.4.2011,21.4.2015
"Lindström, Jari",Perussuomalaiset,Jari,Lindström, ,2011-2015,Jari_Lindström,20.4.2011,21.4.2015
"Lindtman, Antti",SDP,Antti,Lindtman, ,2011-2015,Antti_Lindtman,20.4.2011,21.4.2015
"Lintilä, Mika",Keskusta,Mika,Lintilä, ,2011-2015,Mika_Lintilä,20.4.2011,21.4.2015
"Lipponen, Päivi",SDP,Päivi,Lipponen, ,2011-2015,Päivi_Lipponen,20.4.2011,21.4.2015
"Lohela, Maria",Perussuomalaiset,Maria,Lohela, ,2011-2015,Maria_Lohela,20.4.2011,21.4.2015
"Lohi, Markus",Keskusta,Markus,Lohi, ,2011-2015,Markus_Lohi,20.4.2011,21.4.2015
"Louhelainen, Anne",Perussuomalaiset,Anne,Louhelainen, ,2011-2015,Anne_Louhelainen,20.4.2011,21.4.2015
"Maijala, Eeva-Maria",Keskusta,Eeva-Maria,Maijala, ,2011-2015,Eeva-Maria_Maijala,20.4.2011,21.4.2015
"Matikainen-Kallström, Marjo",Kokoomus,Marjo,Matikainen-Kallström, ,2011-2015,Marjo_Matikainen-Kallström,20.4.2011,21.4.2015
"Mattila, Pirkko",Perussuomalaiset,Pirkko,Mattila, ,2011-2015,Pirkko_Mattila,20.4.2011,21.4.2015
"Modig, Silvia",Vasemmistoliitto,Silvia,Modig, ,2011-2015,Silvia_Modig,20.4.2011,21.4.2015
"Mustajärvi, Markus",Vasenryhmä,Markus,Mustajärvi, ,2011-2015,Markus_Mustajärvi,20.4.2011,21.4.2015
"Myller, Riitta",SDP,Riitta,Myller, ,2011-2015,Riitta_Myller,20.4.2011,21.4.2015
"Myllykoski, Jari",Vasemmistoliitto,Jari,Myllykoski, ,2011-2015,Jari_Myllykoski,20.4.2011,21.4.2015
"Mäkelä, Outi",Kokoomus,Outi,Mäkelä, ,2011-2015,Outi_Mäkelä,20.4.2011,21.4.2015
"Mäkinen, Tapani",Kokoomus,Tapani,Mäkinen, ,2011-2015,Tapani_Mäkinen,20.4.2011,21.4.2015
"Mäkipää, Lea",Perussuomalaiset,Lea,Mäkipää, ,2011-2015,Lea_Mäkipää,20.4.2011,21.4.2015
"Mäkisalo-Ropponen, Merja",SDP,Merja,Mäkisalo-Ropponen, ,2011-2015,Merja_Mäkisalo-Ropponen,20.4.2011,21.4.2015
"Männistö, Lasse",Kokoomus,Lasse,Männistö, ,2011-2015,Lasse_Männistö,20.4.2011,21.4.2015
"Mäntylä, Hanna",Perussuomalaiset,Hanna,Mäntylä, ,2011-2015,Hanna_Mäntylä,20.4.2011,21.4.2015
"Mäntymaa, Markku",Kokoomus,Markku,Mäntymaa, ,2011-2015,Markku_Mäntymaa,20.4.2011,21.4.2015
"Mölsä, Martti",Perussuomalaiset,Martti,Mölsä, ,2011-2015,Martti_Mölsä,20.4.2011,21.4.2015
"Nauclér, Elisabeth",RKP,Elisabeth,Nauclér, ,2011-2015,Elisabeth_Nauclér,20.4.2011,21.4.2015
"Niikko, Mika",Perussuomalaiset,Mika,Niikko, ,2011-2015,Mika_Niikko,20.4.2011,21.4.2015
"Niinistö, Jussi",Perussuomalaiset,Jussi,Niinistö, ,2011-2015,Jussi_Niinistö,20.4.2011,21.4.2015
"Niinistö, Ville",Vihreät,Ville,Niinistö, Ympäristöministeri;;Ympäristöministeri;;,2011-2015,Ville_Niinistö,20.4.2011,21.4.2015
"Nylander, Mikaela",RKP,Mikaela,Nylander, ,2011-2015,Mikaela_Nylander,20.4.2011,21.4.2015
"Nylund, Mats",RKP,Mats,Nylund, ,2011-2015,Mats_Nylund,20.4.2011,21.4.2015
"Oinonen, Pentti",Perussuomalaiset,Pentti,Oinonen, ,2011-2015,Pentti_Oinonen,20.4.2011,21.4.2015
"Ojala-Niemelä, Johanna",SDP,Johanna,Ojala-Niemelä, ,2011-2015,Johanna_Ojala-Niemelä,20.4.2011,21.4.2015
"Orpo, Petteri",Kokoomus,Petteri,Orpo, Maa- ja metsätalousministeri;;,2011-2015,Petteri_Orpo,20.4.2011,21.4.2015
"Paasio, Heli",SDP,Heli,Paasio, ,2011-2015,Heli_Paasio,20.4.2011,21.4.2015
"Paatero, Sirpa",SDP,Sirpa,Paatero, Kehitysministeri;;,2011-2015,Sirpa_Paatero,20.4.2011,21.4.2015
"Packalén, Tom",Perussuomalaiset,Tom,Packalén, ,2011-2015,Tom_Packalén,20.4.2011,21.4.2015
"Palm, Sari",Kristillisdemokraatit,Sari,Palm, ,2011-2015,Sari_Palm,20.4.2011,21.4.2015
"Palola, Mikael",Kokoomus,Mikael,Palola, ,2011-2015,Mikael_Palola,20.4.2011,21.4.2015
"Paloniemi, Aila",Keskusta,Aila,Paloniemi, ,2011-2015,Aila_Paloniemi,20.4.2011,21.4.2015
"Pekkarinen, Mauri",Keskusta,Mauri,Pekkarinen, ,2011-2015,Mauri_Pekkarinen,20.4.2011,21.4.2015
"Pekonen, Aino-Kaisa",Vasemmistoliitto,Aino-Kaisa,Pekonen, ,2011-2015,Aino-Kaisa_Pekonen,20.4.2011,21.4.2015
"Pelkonen, Jaana",Kokoomus,Jaana,Pelkonen, ,2011-2015,Jaana_Pelkonen,20.4.2011,21.4.2015
"Peltokorpi, Terhi",Keskusta,Terhi,Peltokorpi, ,2011-2015,Terhi_Peltokorpi,20.4.2011,21.4.2015
"Peltonen, Tuula",SDP,Tuula,Peltonen, ,2011-2015,Tuula_Peltonen,20.4.2011,21.4.2015
"Piirainen, Raimo",SDP,Raimo,Piirainen, ,2011-2015,Raimo_Piirainen,20.4.2011,21.4.2015
"Pirttilahti, Arto",Keskusta,Arto,Pirttilahti, ,2011-2015,Arto_Pirttilahti,20.4.2011,21.4.2015
"Puumala, Tuomo",Keskusta,Tuomo,Puumala, ,2011-2015,Tuomo_Puumala,20.4.2011,21.4.2015
"Raatikainen, Mika",Perussuomalaiset,Mika,Raatikainen, ,2011-2015,Mika_Raatikainen,20.4.2011,21.4.2015
"Rajamäki, Kari",SDP,Kari,Rajamäki, ,2011-2015,Kari_Rajamäki,20.4.2011,21.4.2015
"Rantakangas, Antti",Keskusta,Antti,Rantakangas, ,2011-2015,Antti_Rantakangas,20.4.2011,21.4.2015
"Rauhala, Leena",Kristillisdemokraatit,Leena,Rauhala, ,2011-2015,Leena_Rauhala,20.4.2011,21.4.2015
"Ravi, Pekka",Kokoomus,Pekka,Ravi, ,2011-2015,Pekka_Ravi,20.4.2011,21.4.2015
"Rehula, Juha",Keskusta,Juha,Rehula, ,2011-2015,Juha_Rehula,20.4.2011,21.4.2015
"Reijonen, Eero",Keskusta,Eero,Reijonen, ,2011-2015,Eero_Reijonen,20.4.2011,21.4.2015
"Risikko, Paula",Kokoomus,Paula,Risikko, Sosiaali- ja terveysministeri;;Liikenne- ja kuntaministeri;;,2011-2015,Paula_Risikko,20.4.2011,21.4.2015
"Rossi, Markku",Keskusta,Markku,Rossi, ,2011-2015,Markku_Rossi,20.4.2011,21.4.2015
"Rundgren, Simo",Keskusta,Simo,Rundgren, ,2011-2015,Simo_Rundgren,20.4.2011,21.4.2015
"Ruohonen-Lerner, Pirkko",Perussuomalaiset,Pirkko,Ruohonen-Lerner, ,2011-2015,Pirkko_Ruohonen-Lerner,20.4.2011,21.4.2015
"Räsänen, Päivi",Kristillisdemokraatit,Päivi,Räsänen, Sisäasiainministeri;; Sisäministeri;;Sisäministeri;; Sisäministeri;;,2011-2015,Päivi_Räsänen,20.4.2011,21.4.2015
"Saarakkala, Vesa-Matti",Perussuomalaiset,Vesa-Matti,Saarakkala, ,2011-2015,Vesa-Matti_Saarakkala,20.4.2011,21.4.2015
"Saarikko, Annika",Keskusta,Annika,Saarikko, ,2011-2015,Annika_Saarikko,20.4.2011,21.4.2015
"Saarinen, Matti",SDP,Matti,Saarinen, ,2011-2015,Matti_Saarinen,20.4.2011,21.4.2015
"Salolainen, Pertti",Kokoomus,Pertti,Salolainen, ,2011-2015,Pertti_Salolainen,20.4.2011,21.4.2015
"Salonen, Kristiina",SDP,Kristiina,Salonen, ,2011-2015,Kristiina_Salonen,20.4.2011,21.4.2015
"Sankelo, Janne",Kokoomus,Janne,Sankelo, ,2011-2015,Janne_Sankelo,20.4.2011,21.4.2015
"Sarkomaa, Sari",Kokoomus,Sari,Sarkomaa, ,2011-2015,Sari_Sarkomaa,20.4.2011,21.4.2015
"Sasi, Kimmo",Kokoomus,Kimmo,Sasi, ,2011-2015,Kimmo_Sasi,20.4.2011,21.4.2015
"Satonen, Arto",Kokoomus,Arto,Satonen, ,2011-2015,Arto_Satonen,20.4.2011,21.4.2015
"Savola, Mikko",Keskusta,Mikko,Savola, ,2011-2015,Mikko_Savola,20.4.2011,21.4.2015
"Sinnemäki, Anni",Vihreät,Anni,Sinnemäki, ,2011-2015,Anni_Sinnemäki,20.4.2011,21.4.2015
"Sipilä, Juha",Keskusta,Juha,Sipilä, ,2011-2015,Juha_Sipilä,20.4.2011,21.4.2015
"Skinnari, Jouko",SDP,Jouko,Skinnari, ,2011-2015,Jouko_Skinnari,20.4.2011,21.4.2015
"Soini, Timo",Perussuomalaiset,Timo,Soini, ,2011-2015,Timo_Soini,20.4.2011,21.4.2015
"Soininvaara, Osmo",Vihreät,Osmo,Soininvaara, ,2011-2015,Osmo_Soininvaara,20.4.2011,21.4.2015
"Soukola, Ismo",Perussuomalaiset,Ismo,Soukola, ,2011-2015,Ismo_Soukola,20.4.2011,21.4.2015
"Stubb, Alexander",Kokoomus,Alexander,Stubb, Eurooppa- ja ulkomaankauppaministeri;;Pääministeri;;,2011-2015,Alexander_Stubb,20.4.2011,21.4.2015
"Sumuvuori, Johanna",Vihreät,Johanna,Sumuvuori, ,2011-2015,Johanna_Sumuvuori,20.4.2011,21.4.2015
"Suutari, Eero",Kokoomus,Eero,Suutari, ,2011-2015,Eero_Suutari,20.4.2011,21.4.2015
"Taimela, Katja",SDP,Katja,Taimela, ,2011-2015,Katja_Taimela,20.4.2011,21.4.2015
"Tainio, Hanna",SDP,Hanna,Tainio, ,2011-2015,Hanna_Tainio,20.4.2011,21.4.2015
"Thors, Astrid",RKP,Astrid,Thors, ,2011-2015,Astrid_Thors,20.4.2011,21.4.2015
"Tiainen, Eila",Vasemmistoliitto,Eila,Tiainen, ,2011-2015,Eila_Tiainen,20.4.2011,21.4.2015
"Tiilikainen, Kimmo",Keskusta,Kimmo,Tiilikainen, ,2011-2015,Kimmo_Tiilikainen,20.4.2011,21.4.2015
"Toivakka, Lenita",Kokoomus,Lenita,Toivakka, Eurooppa- ja ulkomaankauppaministeri;;,2011-2015,Lenita_Toivakka,20.4.2011,21.4.2015
"Toivola, Jani",Vihreät,Jani,Toivola, ,2011-2015,Jani_Toivola,20.4.2011,21.4.2015
"Tolppanen, Maria",Perussuomalaiset,Maria,Tolppanen, ,2011-2015,Maria_Tolppanen,20.4.2011,21.4.2015
"Tolvanen, Kari",Kokoomus,Kari,Tolvanen, ,2011-2015,Kari_Tolvanen,20.4.2011,21.4.2015
"Torniainen, Ari",Keskusta,Ari,Torniainen, ,2011-2015,Ari_Torniainen,20.4.2011,21.4.2015
"Tossavainen, Reijo",Perussuomalaiset,Reijo,Tossavainen, ,2011-2015,Reijo_Tossavainen,20.4.2011,21.4.2015
"Tuomioja, Erkki",SDP,Erkki,Tuomioja, Ulkoasiainministeri;;Ulkoasiainministeri;;,2011-2015,Erkki_Tuomioja,20.4.2011,21.4.2015
"Tuppurainen, Tytti",SDP,Tytti,Tuppurainen, ,2011-2015,Tytti_Tuppurainen,20.4.2011,21.4.2015
"Turunen, Kaj",Perussuomalaiset,Kaj,Turunen, ,2011-2015,Kaj_Turunen,20.4.2011,21.4.2015
"Tuupainen, Kauko",Perussuomalaiset,Kauko,Tuupainen, ,2011-2015,Kauko_Tuupainen,20.4.2011,21.4.2015
"Tynkkynen, Oras",Vihreät,Oras,Tynkkynen, ,2011-2015,Oras_Tynkkynen,20.4.2011,21.4.2015
"Tölli, Tapani",Keskusta,Tapani,Tölli, ,2011-2015,Tapani_Tölli,20.4.2011,21.4.2015
"Uotila, Kari",Vasemmistoliitto,Kari,Uotila, ,2011-2015,Kari_Uotila,20.4.2011,21.4.2015
"Urpalainen, Anu",Kokoomus,Anu,Urpalainen, ,2011-2015,Anu_Urpalainen,20.4.2011,21.4.2015
"Urpilainen, Jutta",SDP,Jutta,Urpilainen, Pääministerin sijainen;; Valtiovarainministeri;;,2011-2015,Jutta_Urpilainen,20.4.2011,21.4.2015
"Vahasalo, Raija",Kokoomus,Raija,Vahasalo, ,2011-2015,Raija_Vahasalo,20.4.2011,21.4.2015
"Vapaavuori, Jan",Kokoomus,Jan,Vapaavuori, Elinkeinoministeri;;Elinkeinoministeri;; Elinkeinoministeri;;,2011-2015,Jan_Vapaavuori,20.4.2011,21.4.2015
"Vehkaperä, Mirja",Keskusta,Mirja,Vehkaperä, ,2011-2015,Mirja_Vehkaperä,20.4.2011,21.4.2015
"Vehviläinen, Anu",Keskusta,Anu,Vehviläinen, ,2011-2015,Anu_Vehviläinen,20.4.2011,21.4.2015
"Viitamies, Pauliina",SDP,Pauliina,Viitamies, ,2011-2015,Pauliina_Viitamies,20.4.2011,21.4.2015
"Viitanen, Pia",SDP,Pia,Viitanen, Kulttuuri- ja asuntoministeri;; Asunto- ja viestintäministeri;;Kulttuuri- ja asuntoministeri;;,2011-2015,Pia_Viitanen,20.4.2011,21.4.2015
"Vikman, Sofia",Kokoomus,Sofia,Vikman, ,2011-2015,Sofia_Vikman,20.4.2011,21.4.2015
"Virkkunen, Henna",Kokoomus,Henna,Virkkunen, Hallinto- ja kuntaministeri;; Liikenne- ja kuntaministeri;;,2011-2015,Henna_Virkkunen,20.4.2011,21.4.2015
"Virolainen, Anne-Mari",Kokoomus,Anne-Mari,Virolainen, ,2011-2015,Anne-Mari_Virolainen,20.4.2011,21.4.2015
"Virtanen, Erkki",Vasemmistoliitto,Erkki,Virtanen, ,2011-2015,Erkki_Virtanen,20.4.2011,21.4.2015
"Virtanen, Pertti",Perussuomalaiset,Pertti,Virtanen, ,2011-2015,Pertti_Virtanen,20.4.2011,21.4.2015
"Vähämäki, Ville",Perussuomalaiset,Ville,Vähämäki, ,2011-2015,Ville_Vähämäki,20.4.2011,21.4.2015
"Väätäinen, Juha",Perussuomalaiset,Juha,Väätäinen, ,2011-2015,Juha_Väätäinen,20.4.2011,21.4.2015
"Väätäinen, Tuula",SDP,Tuula,Väätäinen, ,2011-2015,Tuula_Väätäinen,20.4.2011,21.4.2015
"Wallin, Harry",SDP,Harry,Wallin, ,2011-2015,Harry_Wallin,20.4.2011,21.4.2015
"Wallin, Stefan",RKP,Stefan,Wallin, Puolustusministeri;;,2011-2015,Stefan_Wallin,20.4.2011,21.4.2015
"Wallinheimo, Sinuhe",Kokoomus,Sinuhe,Wallinheimo, ,2011-2015,Sinuhe_Wallinheimo,20.4.2011,21.4.2015
"Wideroos, Ulla-Maj",RKP,Ulla-Maj,Wideroos, ,2011-2015,Ulla-Maj_Wideroos,20.4.2011,21.4.2015
"Yrttiaho, Jyrki",Vasenryhmä,Jyrki,Yrttiaho, ,2011-2015,Jyrki_Yrttiaho,20.4.2011,21.4.2015
"Zyskowicz, Ben",Kokoomus,Ben,Zyskowicz, ,2011-2015,Ben_Zyskowicz,20.4.2011,21.4.2015
"Östman, Peter",Kristillisdemokraatit,Peter,Östman, ,2011-2015,Peter_Östman,20.4.2011,21.4.2015
"Aalto, Touko",Vihreät,Touko,Aalto, ,2015-2019,Touko_Aalto,22.4.2015,16.4.2019
"Adlercreutz, Anders",RKP,Anders,Adlercreutz, ,2015-2019,Anders_Adlercreutz,22.4.2015,16.4.2019
"Ala-Nissilä, Olavi",Keskusta,Olavi,Ala-Nissilä, ,2015-2019,Olavi_Ala-Nissilä,22.4.2015,16.4.2019
"Alanko-Kahiluoto, Outi",Vihreät,Outi,Alanko-Kahiluoto, ,2015-2019,Outi_Alanko-Kahiluoto,22.4.2015,16.4.2019
"Alatalo, Mikko",Keskusta,Mikko,Alatalo, ,2015-2019,Mikko_Alatalo,22.4.2015,16.4.2019
"Andersson, Li",Vasemmistoliitto,Li,Andersson, ,2015-2019,Li_Andersson,22.4.2015,16.4.2019
"Anttila, Sirkka-Liisa",Keskusta,Sirkka-Liisa,Anttila, ,2015-2019,Sirkka-Liisa_Anttila,22.4.2015,16.4.2019
"Arhinmäki, Paavo",Vasemmistoliitto,Paavo,Arhinmäki, ,2015-2019,Paavo_Arhinmäki,22.4.2015,16.4.2019
"Berner, Anne",Keskusta,Anne,Berner, Liikenne- ja viestintäministeri;; Liikenne- ja viestintäministeri;;,2015-2019,Anne_Berner,22.4.2015,16.4.2019
"Biaudet, Eva",RKP,Eva,Biaudet, ,2015-2019,Eva_Biaudet,22.4.2015,16.4.2019
"Blomqvist, Thomas",RKP,Thomas,Blomqvist, ,2015-2019,Thomas_Blomqvist,22.4.2015,16.4.2019
"Eerola, Juho",Perussuomalaiset,Juho,Eerola, ,2015-2019,Juho_Eerola,22.4.2015,16.4.2019
"Eestilä, Markku",Kokoomus,Markku,Eestilä, ,2015-2019,Markku_Eestilä,22.4.2015,16.4.2019
"Elo, Simon",Siniset,Simon,Elo, ,2015-2019,Simon_Elo,22.4.2015,16.4.2019
"Elomaa, Ritva",Perussuomalaiset,Ritva,Elomaa, ,2015-2019,Ritva_Elomaa,22.4.2015,16.4.2019
"Eloranta, Eeva-Johanna",SDP,Eeva-Johanna,Eloranta, ,2015-2019,Eeva-Johanna_Eloranta,22.4.2015,16.4.2019
"Elovaara, Tiina",Siniset,Tiina,Elovaara, ,2015-2019,Tiina_Elovaara,22.4.2015,16.4.2019
"Essayah, Sari",Kristillisdemokraatit,Sari,Essayah, ,2015-2019,Sari_Essayah,22.4.2015,16.4.2019
"Feldt-Ranta, Maarit",SDP,Maarit,Feldt-Ranta, ,2015-2019,Maarit_Feldt-Ranta,22.4.2015,16.4.2019
"Filatov, Tarja",SDP,Tarja,Filatov, ,2015-2019,Tarja_Filatov,22.4.2015,16.4.2019
"Grahn-Laasonen, Sanni",Kokoomus,Sanni,Grahn-Laasonen, Opetusministeri;; Opetus- ja kulttuuriministeri;;,2015-2019,Sanni_Grahn-Laasonen,22.4.2015,16.4.2019
"Gustafsson, Jukka",SDP,Jukka,Gustafsson, ,2015-2019,Jukka_Gustafsson,22.4.2015,16.4.2019
"Guzenina, Maria",SDP,Maria,Guzenina, ,2015-2019,Maria_Guzenina,22.4.2015,16.4.2019
"Haatainen, Tuula",SDP,Tuula,Haatainen, ,2015-2019,Tuula_Haatainen,22.4.2015,16.4.2019
"Haavisto, Pekka",Vihreät,Pekka,Haavisto, ,2015-2019,Pekka_Haavisto,22.4.2015,16.4.2019
"Haglund, Carl",RKP,Carl,Haglund, ,2015-2019,Carl_Haglund,22.4.2015,16.4.2019
"Hakanen, Pertti",Keskusta,Pertti,Hakanen, ,2015-2019,Pertti_Hakanen,22.4.2015,16.4.2019
"Hakkarainen, Teuvo",Perussuomalaiset,Teuvo,Hakkarainen, ,2015-2019,Teuvo_Hakkarainen,22.4.2015,16.4.2019
"Halmeenpää, Hanna",Vihreät,Hanna,Halmeenpää, ,2015-2019,Hanna_Halmeenpää,22.4.2015,16.4.2019
"Harakka, Timo",SDP,Timo,Harakka, ,2015-2019,Timo_Harakka,22.4.2015,16.4.2019
"Harkimo, Harry",Liike Nyt,Harry,Harkimo, ,2015-2019,Harry_Harkimo,22.4.2015,16.4.2019
"Hassi, Satu",Vihreät,Satu,Hassi, ,2015-2019,Satu_Hassi,22.4.2015,16.4.2019
"Hautala, Lasse",Keskusta,Lasse,Hautala, ,2015-2019,Lasse_Hautala,22.4.2015,16.4.2019
"Heikkinen, Hannakaisa",Keskusta,Hannakaisa,Heikkinen, ,2015-2019,Hannakaisa_Heikkinen,22.4.2015,16.4.2019
"Heinonen, Timo",Kokoomus,Timo,Heinonen, ,2015-2019,Timo_Heinonen,22.4.2015,16.4.2019
"Heinäluoma, Eero",SDP,Eero,Heinäluoma, ,2015-2019,Eero_Heinäluoma,22.4.2015,16.4.2019
"Henriksson, Anna-Maja",RKP,Anna-Maja,Henriksson, ,2015-2019,Anna-Maja_Henriksson,22.4.2015,16.4.2019
"Hongisto, Reijo",Siniset,Reijo,Hongisto, ,2015-2019,Reijo_Hongisto,22.4.2015,16.4.2019
"Honkonen, Petri",Keskusta,Petri,Honkonen, ,2015-2019,Petri_Honkonen,22.4.2015,16.4.2019
"Hoskonen, Hannu",Keskusta,Hannu,Hoskonen, ,2015-2019,Hannu_Hoskonen,22.4.2015,16.4.2019
"Huhtasaari, Laura",Perussuomalaiset,Laura,Huhtasaari, ,2015-2019,Laura_Huhtasaari,22.4.2015,16.4.2019
"Huovinen, Susanna",SDP,Susanna,Huovinen, ,2015-2019,Susanna_Huovinen,22.4.2015,16.4.2019
"Häkkänen, Antti",Kokoomus,Antti,Häkkänen, Oikeusministeri;;,2015-2019,Antti_Häkkänen,22.4.2015,16.4.2019
"Hänninen, Katja",Vasemmistoliitto,Katja,Hänninen, ,2015-2019,Katja_Hänninen,22.4.2015,16.4.2019
"Ihalainen, Lauri",SDP,Lauri,Ihalainen, ,2015-2019,Lauri_Ihalainen,22.4.2015,16.4.2019
"Immonen, Olli",Perussuomalaiset,Olli,Immonen, ,2015-2019,Olli_Immonen,22.4.2015,16.4.2019
"Jalonen, Ari",Siniset,Ari,Jalonen, ,2015-2019,Ari_Jalonen,22.4.2015,16.4.2019
"Jarva, Marisanna",Keskusta,Marisanna,Jarva, ,2015-2019,Marisanna_Jarva,22.4.2015,16.4.2019
"Jaskari, Harri",Kokoomus,Harri,Jaskari, ,2015-2019,Harri_Jaskari,22.4.2015,16.4.2019
"Jokinen, Kalle",Kokoomus,Kalle,Jokinen, ,2015-2019,Kalle_Jokinen,22.4.2015,16.4.2019
"Juhantalo, Kauko",Keskusta,Kauko,Juhantalo, ,2015-2019,Kauko_Juhantalo,22.4.2015,16.4.2019
"Juvonen, Arja",Perussuomalaiset,Arja,Juvonen, ,2015-2019,Arja_Juvonen,22.4.2015,16.4.2019
"Järvinen, Heli",Vihreät,Heli,Järvinen, ,2015-2019,Heli_Järvinen,22.4.2015,16.4.2019
"Kaikkonen, Antti",Keskusta,Antti,Kaikkonen, ,2015-2019,Antti_Kaikkonen,22.4.2015,16.4.2019
"Kalli, Timo",Keskusta,Timo,Kalli, ,2015-2019,Timo_Kalli,22.4.2015,16.4.2019
"Kalmari, Anne",Keskusta,Anne,Kalmari, ,2015-2019,Anne_Kalmari,22.4.2015,16.4.2019
"Kanerva, Ilkka",Kokoomus,Ilkka,Kanerva, ,2015-2019,Ilkka_Kanerva,22.4.2015,16.4.2019
"Kankaanniemi, Toimi",Perussuomalaiset,Toimi,Kankaanniemi, ,2015-2019,Toimi_Kankaanniemi,22.4.2015,16.4.2019
"Kantola, Ilkka",SDP,Ilkka,Kantola, ,2015-2019,Ilkka_Kantola,22.4.2015,16.4.2019
"Kari, Emma",Vihreät,Emma,Kari, ,2015-2019,Emma_Kari,22.4.2015,16.4.2019
"Kari, Mika",SDP,Mika,Kari, ,2015-2019,Mika_Kari,22.4.2015,16.4.2019
"Karimäki, Johanna",Vihreät,Johanna,Karimäki, ,2015-2019,Johanna_Karimäki,22.4.2015,16.4.2019
"Kasvi, Jyrki",Vihreät,Jyrki,Kasvi, ,2015-2019,Jyrki_Kasvi,22.4.2015,16.4.2019
"Katainen, Elsi",Keskusta,Elsi,Katainen, ,2015-2019,Elsi_Katainen,22.4.2015,16.4.2019
"Kauma, Pia",Kokoomus,Pia,Kauma, ,2015-2019,Pia_Kauma,22.4.2015,16.4.2019
"Keränen, Niilo",Keskusta,Niilo,Keränen, ,2015-2019,Niilo_Keränen,22.4.2015,16.4.2019
"Kiljunen, Anneli",SDP,Anneli,Kiljunen, ,2015-2019,Anneli_Kiljunen,22.4.2015,16.4.2019
"Kiuru, Krista",SDP,Krista,Kiuru, ,2015-2019,Krista_Kiuru,22.4.2015,16.4.2019
"Kiuru, Pauli",Kokoomus,Pauli,Kiuru, ,2015-2019,Pauli_Kiuru,22.4.2015,16.4.2019
"Kivelä, Kimmo",Siniset,Kimmo,Kivelä, ,2015-2019,Kimmo_Kivelä,22.4.2015,16.4.2019
"Kiviranta, Esko",Keskusta,Esko,Kiviranta, ,2015-2019,Esko_Kiviranta,22.4.2015,16.4.2019
"Kontula, Anna",Vasemmistoliitto,Anna,Kontula, ,2015-2019,Anna_Kontula,22.4.2015,16.4.2019
"Kopra, Jukka",Kokoomus,Jukka,Kopra, ,2015-2019,Jukka_Kopra,22.4.2015,16.4.2019
"Korhonen, Timo",Keskusta,Timo,Korhonen, ,2015-2019,Timo_Korhonen,22.4.2015,16.4.2019
"Koski, Susanna",Kokoomus,Susanna,Koski, ,2015-2019,Susanna_Koski,22.4.2015,16.4.2019
"Kosonen, Hanna",Keskusta,Hanna,Kosonen, ,2015-2019,Hanna_Kosonen,22.4.2015,16.4.2019
"Kulmala, Kari",Siniset,Kari,Kulmala, ,2015-2019,Kari_Kulmala,22.4.2015,16.4.2019
"Kulmuni, Katri",Keskusta,Katri,Kulmuni, ,2015-2019,Katri_Kulmuni,22.4.2015,16.4.2019
"Kurvinen, Antti",Keskusta,Antti,Kurvinen, ,2015-2019,Antti_Kurvinen,22.4.2015,16.4.2019
"Kymäläinen, Suna",SDP,Suna,Kymäläinen, ,2015-2019,Suna_Kymäläinen,22.4.2015,16.4.2019
"Kärnä, Mikko",Keskusta,Mikko,Kärnä, ,2015-2019,Mikko_Kärnä,22.4.2015,16.4.2019
"Kääriäinen, Seppo",Keskusta,Seppo,Kääriäinen, ,2015-2019,Seppo_Kääriäinen,22.4.2015,16.4.2019
"Laiho, Mia",Kokoomus,Mia,Laiho, ,2015-2019,Mia_Laiho,22.4.2015,16.4.2019
"Laitinen-Pesola, Jaana",Kokoomus,Jaana,Laitinen-Pesola, ,2015-2019,Jaana_Laitinen-Pesola,22.4.2015,16.4.2019
"Lapintie, Annika",Vasemmistoliitto,Annika,Lapintie, ,2015-2019,Annika_Lapintie,22.4.2015,16.4.2019
"Laukkanen, Antero",Kristillisdemokraatit,Antero,Laukkanen, ,2015-2019,Antero_Laukkanen,22.4.2015,16.4.2019
"Lauslahti, Sanna",Kokoomus,Sanna,Lauslahti, ,2015-2019,Sanna_Lauslahti,22.4.2015,16.4.2019
"Lehti, Eero",Kokoomus,Eero,Lehti, ,2015-2019,Eero_Lehti,22.4.2015,16.4.2019
"Lehto, Rami",Perussuomalaiset,Rami,Lehto, ,2015-2019,Rami_Lehto,22.4.2015,16.4.2019
"Lehtomäki, Paula",Keskusta,Paula,Lehtomäki, ,2015-2019,Paula_Lehtomäki,22.4.2015,16.4.2019
"Lepomäki, Elina",Kokoomus,Elina,Lepomäki, ,2015-2019,Elina_Lepomäki,22.4.2015,16.4.2019
"Leppä, Jari",Keskusta,Jari,Leppä, Maa- ja metsätalousministeri;;,2015-2019,Jari_Leppä,22.4.2015,16.4.2019
"Lindström, Jari",Siniset,Jari,Lindström, Oikeus- ja työministeri;; Työministeri;; Työministeri;;,2015-2019,Jari_Lindström,22.4.2015,16.4.2019
"Lindtman, Antti",SDP,Antti,Lindtman, ,2015-2019,Antti_Lindtman,22.4.2015,16.4.2019
"Lintilä, Mika",Keskusta,Mika,Lintilä, Elinkeinoministeri;; Elinkeinoministeri;;,2015-2019,Mika_Lintilä,22.4.2015,16.4.2019
"Lohela, Maria",Liike Nyt,Maria,Lohela, ,2015-2019,Maria_Lohela,22.4.2015,16.4.2019
"Lohi, Markus",Keskusta,Markus,Lohi, ,2015-2019,Markus_Lohi,22.4.2015,16.4.2019
"Louhelainen, Anne",Siniset,Anne,Louhelainen, ,2015-2019,Anne_Louhelainen,22.4.2015,16.4.2019
"Löfström, Mats",Åländsk Samling,Mats,Löfström, ,2015-2019,Mats_Löfström,22.4.2015,16.4.2019
"Maijala, Eeva-Maria",Keskusta,Eeva-Maria,Maijala, ,2015-2019,Eeva-Maria_Maijala,22.4.2015,16.4.2019
"Marin, Sanna",SDP,Sanna,Marin, ,2015-2019,Sanna_Marin,22.4.2015,16.4.2019
"Mattila, Hanna-Leena",Keskusta,Hanna-Leena,Mattila, ,2015-2019,Hanna-Leena_Mattila,22.4.2015,16.4.2019
"Mattila, Pirkko",Siniset,Pirkko,Mattila, Sosiaali- ja terveysministeri;; Sosiaali- ja terveysministeri;;,2015-2019,Pirkko_Mattila,22.4.2015,16.4.2019
"Meri, Leena",Perussuomalaiset,Leena,Meri, ,2015-2019,Leena_Meri,22.4.2015,16.4.2019
"Mikkonen, Krista",Vihreät,Krista,Mikkonen, ,2015-2019,Krista_Mikkonen,22.4.2015,16.4.2019
"Modig, Silvia",Vasemmistoliitto,Silvia,Modig, ,2015-2019,Silvia_Modig,22.4.2015,16.4.2019
"Multala, Sari",Kokoomus,Sari,Multala, ,2015-2019,Sari_Multala,22.4.2015,16.4.2019
"Mustajärvi, Markus",Vasemmistoliitto,Markus,Mustajärvi, ,2015-2019,Markus_Mustajärvi,22.4.2015,16.4.2019
"Mykkänen, Kai",Kokoomus,Kai,Mykkänen, Ulkomaankauppa- ja kehitysministeri;; Sisäministeri;;,2015-2019,Kai_Mykkänen,22.4.2015,16.4.2019
"Myller, Riitta",SDP,Riitta,Myller, ,2015-2019,Riitta_Myller,22.4.2015,16.4.2019
"Myllykoski, Jari",Vasemmistoliitto,Jari,Myllykoski, ,2015-2019,Jari_Myllykoski,22.4.2015,16.4.2019
"Mäkelä, Jani",Perussuomalaiset,Jani,Mäkelä, ,2015-2019,Jani_Mäkelä,22.4.2015,16.4.2019
"Mäkelä, Outi",Kokoomus,Outi,Mäkelä, ,2015-2019,Outi_Mäkelä,22.4.2015,16.4.2019
"Mäkinen, Riitta",SDP,Riitta,Mäkinen, ,2015-2019,Riitta_Mäkinen,22.4.2015,16.4.2019
"Mäkipää, Lea",Siniset,Lea,Mäkipää, ,2015-2019,Lea_Mäkipää,22.4.2015,16.4.2019
"Mäkisalo-Ropponen, Merja",SDP,Merja,Mäkisalo-Ropponen, ,2015-2019,Merja_Mäkisalo-Ropponen,22.4.2015,16.4.2019
"Mäntylä, Hanna",Siniset,Hanna,Mäntylä, Sosiaali- ja terveysministeri;;,2015-2019,Hanna_Mäntylä,22.4.2015,16.4.2019
"Mölsä, Martti",Siniset,Martti,Mölsä, ,2015-2019,Martti_Mölsä,22.4.2015,16.4.2019
"Niikko, Mika",Perussuomalaiset,Mika,Niikko, ,2015-2019,Mika_Niikko,22.4.2015,16.4.2019
"Niinistö, Jussi",Siniset,Jussi,Niinistö, Puolustusministeri;; Puolustusministeri;;,2015-2019,Jussi_Niinistö,22.4.2015,16.4.2019
"Niinistö, Ville",Vihreät,Ville,Niinistö, ,2015-2019,Ville_Niinistö,22.4.2015,16.4.2019
"Nivala, Eija",Keskusta,Eija,Nivala, ,2015-2019,Eija_Nivala,22.4.2015,16.4.2019
"Nurminen, Ilmari",SDP,Ilmari,Nurminen, ,2015-2019,Ilmari_Nurminen,22.4.2015,16.4.2019
"Nylander, Mikaela",RKP,Mikaela,Nylander, ,2015-2019,Mikaela_Nylander,22.4.2015,16.4.2019
"Nylund, Mats",RKP,Mats,Nylund, ,2015-2019,Mats_Nylund,22.4.2015,16.4.2019
"Oinonen, Pentti",Siniset,Pentti,Oinonen, ,2015-2019,Pentti_Oinonen,22.4.2015,16.4.2019
"Ojala-Niemelä, Johanna",SDP,Johanna,Ojala-Niemelä, ,2015-2019,Johanna_Ojala-Niemelä,22.4.2015,16.4.2019
"Orpo, Petteri",Kokoomus,Petteri,Orpo, Pääministerin sijainen;; Sisäministeri;; Valtiovarainministeri;;,2015-2019,Petteri_Orpo,22.4.2015,16.4.2019
"Paatero, Sirpa",SDP,Sirpa,Paatero, ,2015-2019,Sirpa_Paatero,22.4.2015,16.4.2019
"Packalén, Tom",Perussuomalaiset,Tom,Packalén, ,2015-2019,Tom_Packalén,22.4.2015,16.4.2019
"Pakkanen, Markku",Keskusta,Markku,Pakkanen, ,2015-2019,Markku_Pakkanen,22.4.2015,16.4.2019
"Paloniemi, Aila",Keskusta,Aila,Paloniemi, ,2015-2019,Aila_Paloniemi,22.4.2015,16.4.2019
"Parviainen, Olli-Poika",Vihreät,Olli-Poika,Parviainen, ,2015-2019,Olli-Poika_Parviainen,22.4.2015,16.4.2019
"Parviainen, Ulla",Keskusta,Ulla,Parviainen, ,2015-2019,Ulla_Parviainen,22.4.2015,16.4.2019
"Pekkarinen, Mauri",Keskusta,Mauri,Pekkarinen, ,2015-2019,Mauri_Pekkarinen,22.4.2015,16.4.2019
"Pekonen, Aino-Kaisa",Vasemmistoliitto,Aino-Kaisa,Pekonen, ,2015-2019,Aino-Kaisa_Pekonen,22.4.2015,16.4.2019
"Pelkonen, Jaana",Kokoomus,Jaana,Pelkonen, ,2015-2019,Jaana_Pelkonen,22.4.2015,16.4.2019
"Pirttilahti, Arto",Keskusta,Arto,Pirttilahti, ,2015-2019,Arto_Pirttilahti,22.4.2015,16.4.2019
"Puska, Pekka",Keskusta,Pekka,Puska, ,2015-2019,Pekka_Puska,22.4.2015,16.4.2019
"Puumala, Tuomo",Keskusta,Tuomo,Puumala, ,2015-2019,Tuomo_Puumala,22.4.2015,16.4.2019
"Pylväs, Juha",Keskusta,Juha,Pylväs, ,2015-2019,Juha_Pylväs,22.4.2015,16.4.2019
"Raassina, Sari",Kokoomus,Sari,Raassina, ,2015-2019,Sari_Raassina,22.4.2015,16.4.2019
"Raatikainen, Mika",Perussuomalaiset,Mika,Raatikainen, ,2015-2019,Mika_Raatikainen,22.4.2015,16.4.2019
"Rantakangas, Antti",Keskusta,Antti,Rantakangas, ,2015-2019,Antti_Rantakangas,22.4.2015,16.4.2019
"Razmyar, Nasima",SDP,Nasima,Razmyar, ,2015-2019,Nasima_Razmyar,22.4.2015,16.4.2019
"Rehn, Olli",Keskusta,Olli,Rehn, Elinkeinoministeri;;,2015-2019,Olli_Rehn,22.4.2015,16.4.2019
"Rehn-Kivi, Veronica",RKP,Veronica,Rehn-Kivi, ,2015-2019,Veronica_Rehn-Kivi,22.4.2015,16.4.2019
"Rehula, Juha",Keskusta,Juha,Rehula, Perhe- ja peruspalveluministeri;;,2015-2019,Juha_Rehula,22.4.2015,16.4.2019
"Reijonen, Eero",Keskusta,Eero,Reijonen, ,2015-2019,Eero_Reijonen,22.4.2015,16.4.2019
"Rinne, Antti",SDP,Antti,Rinne, ,2015-2019,Antti_Rinne,22.4.2015,16.4.2019
"Risikko, Paula",Kokoomus,Paula,Risikko, Sisäministeri;;,2015-2019,Paula_Risikko,22.4.2015,16.4.2019
"Ronkainen, Jari",Perussuomalaiset,Jari,Ronkainen, ,2015-2019,Jari_Ronkainen,22.4.2015,16.4.2019
"Rossi, Markku",Keskusta,Markku,Rossi, ,2015-2019,Markku_Rossi,22.4.2015,16.4.2019
"Ruoho, Veera",Kokoomus,Veera,Ruoho, ,2015-2019,Veera_Ruoho,22.4.2015,16.4.2019
"Ruohonen-Lerner, Pirkko",Perussuomalaiset,Pirkko,Ruohonen-Lerner, ,2015-2019,Pirkko_Ruohonen-Lerner,22.4.2015,16.4.2019
"Rydman, Wille",Kokoomus,Wille,Rydman, ,2015-2019,Wille_Rydman,22.4.2015,16.4.2019
"Räsänen, Joona",SDP,Joona,Räsänen, ,2015-2019,Joona_Räsänen,22.4.2015,16.4.2019
"Räsänen, Päivi",Kristillisdemokraatit,Päivi,Räsänen, ,2015-2019,Päivi_Räsänen,22.4.2015,16.4.2019
"Saarakkala, Vesa-Matti",Siniset,Vesa-Matti,Saarakkala, ,2015-2019,Vesa-Matti_Saarakkala,22.4.2015,16.4.2019
"Saarikko, Annika",Keskusta,Annika,Saarikko, Perhe- ja peruspalveluministeri;;,2015-2019,Annika_Saarikko,22.4.2015,16.4.2019
"Salolainen, Pertti",Kokoomus,Pertti,Salolainen, ,2015-2019,Pertti_Salolainen,22.4.2015,16.4.2019
"Salonen, Kristiina",SDP,Kristiina,Salonen, ,2015-2019,Kristiina_Salonen,22.4.2015,16.4.2019
"Sarkkinen, Hanna",Vasemmistoliitto,Hanna,Sarkkinen, ,2015-2019,Hanna_Sarkkinen,22.4.2015,16.4.2019
"Sarkomaa, Sari",Kokoomus,Sari,Sarkomaa, ,2015-2019,Sari_Sarkomaa,22.4.2015,16.4.2019
"Satonen, Arto",Kokoomus,Arto,Satonen, ,2015-2019,Arto_Satonen,22.4.2015,16.4.2019
"Savio, Sami",Perussuomalaiset,Sami,Savio, ,2015-2019,Sami_Savio,22.4.2015,16.4.2019
"Savola, Mikko",Keskusta,Mikko,Savola, ,2015-2019,Mikko_Savola,22.4.2015,16.4.2019
"Semi, Matti",Vasemmistoliitto,Matti,Semi, ,2015-2019,Matti_Semi,22.4.2015,16.4.2019
"Sipilä, Juha",Keskusta,Juha,Sipilä, Pääministeri;;,2015-2019,Juha_Sipilä,22.4.2015,16.4.2019
"Sirén, Saara-Sofia",Kokoomus,Saara-Sofia,Sirén, ,2015-2019,Saara-Sofia_Sirén,22.4.2015,16.4.2019
"Skinnari, Ville",SDP,Ville,Skinnari, ,2015-2019,Ville_Skinnari,22.4.2015,16.4.2019
"Soini, Timo",Siniset,Timo,Soini, Pääministerin sijainen;; Ulkoministeri;; Ulkoasiainministeri;; Ulkoasiainministeri;; Ulkoasiainministeri;;,2015-2019,Timo_Soini,22.4.2015,16.4.2019
"Strand, Joakim",RKP,Joakim,Strand, ,2015-2019,Joakim_Strand,22.4.2015,16.4.2019
"Stubb, Alexander",Kokoomus,Alexander,Stubb, Valtiovarainministeri;;,2015-2019,Alexander_Stubb,22.4.2015,16.4.2019
"Suutari, Eero",Kokoomus,Eero,Suutari, ,2015-2019,Eero_Suutari,22.4.2015,16.4.2019
"Taavitsainen, Satu",SDP,Satu,Taavitsainen, ,2015-2019,Satu_Taavitsainen,22.4.2015,16.4.2019
"Taimela, Katja",SDP,Katja,Taimela, ,2015-2019,Katja_Taimela,22.4.2015,16.4.2019
"Talja, Martti",Keskusta,Martti,Talja, ,2015-2019,Martti_Talja,22.4.2015,16.4.2019
"Talvitie, Mari-Leena",Kokoomus,Mari-Leena,Talvitie, ,2015-2019,Mari-Leena_Talvitie,22.4.2015,16.4.2019
"Tanus, Sari",Kristillisdemokraatit,Sari,Tanus, ,2015-2019,Sari_Tanus,22.4.2015,16.4.2019
"Tavio, Ville",Perussuomalaiset,Ville,Tavio, ,2015-2019,Ville_Tavio,22.4.2015,16.4.2019
"Terho, Sampo",Siniset,Sampo,Terho," Eurooppa-, kulttuuri- ja urheiluministeri;; Eurooppa-, kulttuuri- ja urheiluministeri;;",2015-2019,Sampo_Terho,22.4.2015,16.4.2019
"Tiilikainen, Kimmo",Keskusta,Kimmo,Tiilikainen," Maatalous- ja ympäristöministeri;; Asunto-, energia- ja ympäristöministeri;;",2015-2019,Kimmo_Tiilikainen,22.4.2015,16.4.2019
"Toivakka, Lenita",Kokoomus,Lenita,Toivakka, Ulkomaankauppa- ja kehitysministeri;;,2015-2019,Lenita_Toivakka,22.4.2015,16.4.2019
"Toivola, Jani",Vihreät,Jani,Toivola, ,2015-2019,Jani_Toivola,22.4.2015,16.4.2019
"Tolppanen, Maria",SDP,Maria,Tolppanen, ,2015-2019,Maria_Tolppanen,22.4.2015,16.4.2019
"Tolvanen, Kari",Kokoomus,Kari,Tolvanen, ,2015-2019,Kari_Tolvanen,22.4.2015,16.4.2019
"Torniainen, Ari",Keskusta,Ari,Torniainen, ,2015-2019,Ari_Torniainen,22.4.2015,16.4.2019
"Torsti, Pilvi",SDP,Pilvi,Torsti, ,2015-2019,Pilvi_Torsti,22.4.2015,16.4.2019
"Torvinen, Matti",Siniset,Matti,Torvinen, ,2015-2019,Matti_Torvinen,22.4.2015,16.4.2019
"Tuomioja, Erkki",SDP,Erkki,Tuomioja, ,2015-2019,Erkki_Tuomioja,22.4.2015,16.4.2019
"Tuppurainen, Tytti",SDP,Tytti,Tuppurainen, ,2015-2019,Tytti_Tuppurainen,22.4.2015,16.4.2019
"Turunen, Kaj",Kokoomus,Kaj,Turunen, ,2015-2019,Kaj_Turunen,22.4.2015,16.4.2019
"Tölli, Tapani",Keskusta,Tapani,Tölli, ,2015-2019,Tapani_Tölli,22.4.2015,16.4.2019
"Uotila, Kari",Vasemmistoliitto,Kari,Uotila, ,2015-2019,Kari_Uotila,22.4.2015,16.4.2019
"Urpilainen, Jutta",SDP,Jutta,Urpilainen, ,2015-2019,Jutta_Urpilainen,22.4.2015,16.4.2019
"Vahasalo, Raija",Kokoomus,Raija,Vahasalo, ,2015-2019,Raija_Vahasalo,22.4.2015,16.4.2019
"Vanhanen, Matti",Keskusta,Matti,Vanhanen, ,2015-2019,Matti_Vanhanen,22.4.2015,16.4.2019
"Vartiainen, Juhana",Kokoomus,Juhana,Vartiainen, ,2015-2019,Juhana_Vartiainen,22.4.2015,16.4.2019
"Vartia, Antero",Vihreät,Antero,Vartia, ,2015-2019,Antero_Vartia,22.4.2015,16.4.2019
"Vehkaperä, Mirja",Keskusta,Mirja,Vehkaperä, ,2015-2019,Mirja_Vehkaperä,22.4.2015,16.4.2019
"Vehviläinen, Anu",Keskusta,Anu,Vehviläinen, Kunta- ja liikenneministeri;; Kunta- ja uudistusministeri;;,2015-2019,Anu_Vehviläinen,22.4.2015,16.4.2019
"Viitanen, Pia",SDP,Pia,Viitanen, ,2015-2019,Pia_Viitanen,22.4.2015,16.4.2019
"Vikman, Sofia",Kokoomus,Sofia,Vikman, ,2015-2019,Sofia_Vikman,22.4.2015,16.4.2019
"Viljanen, Eerikki",Keskusta,Eerikki,Viljanen, ,2015-2019,Eerikki_Viljanen,22.4.2015,16.4.2019
"Virolainen, Anne-Mari",Kokoomus,Anne-Mari,Virolainen, Ulkomaankauppa- ja kehitysministeri;;,2015-2019,Anne-Mari_Virolainen,22.4.2015,16.4.2019
"Vähämäki, Ville",Perussuomalaiset,Ville,Vähämäki, ,2015-2019,Ville_Vähämäki,22.4.2015,16.4.2019
"Väyrynen, Paavo",Tähtiliike,Paavo,Väyrynen, ,2015-2019,Paavo_Väyrynen,22.4.2015,16.4.2019
"Wallin, Harry",SDP,Harry,Wallin, ,2015-2019,Harry_Wallin,22.4.2015,16.4.2019
"Wallin, Stefan",RKP,Stefan,Wallin, ,2015-2019,Stefan_Wallin,22.4.2015,16.4.2019
"Wallinheimo, Sinuhe",Kokoomus,Sinuhe,Wallinheimo, ,2015-2019,Sinuhe_Wallinheimo,22.4.2015,16.4.2019
"Yanar, Ozan",Vihreät,Ozan,Yanar, ,2015-2019,Ozan_Yanar,22.4.2015,16.4.2019
"Zyskowicz, Ben",Kokoomus,Ben,Zyskowicz, ,2015-2019,Ben_Zyskowicz,22.4.2015,16.4.2019
"Östman, Peter",Kristillisdemokraatit,Peter,Östman, ,2015-2019,Peter_Östman,22.4.2015,16.4.2019
